location_id,name,description,adress_string,price_level,rating,num_reviews,review_rating_count,cuisine
25940733,Ardent Paris,"Table dédiée à la cuisine au feu avec un sourcing engagé et une cuisine ouverte pour observer le spectacle des flammes. Carte courte et de saison valorisant l'équilibre entre les végétaux sélectionnés auprès de maraîchers français soucieux d'une agriculture durable, les poissons de pêche de petit bateau et les viandes issues d'une sélection auprès d'éleveurs responsables. Ardent Paris, le meilleur de la cuisine au feu, en face des Folies Bergère rue Richer Restaurant bistronomique et barbecue au coeur du quartier des Grands Boulevards, Paris 9","40 Rue Richer, 75009 Paris France",€€ - €€€,4.5,24,"{'1': '0', '2': '2', '3': '2', '4': '2', '5': '18'}",Française
1116702,Casa Cosa,"Situé en face du théâtre Mogador et à deux pas des galeries Lafayette et de l'opéra Garnier dans le 9ème arrondissement de Paris, Casa Cosa sera le lieu idéal pour vos sorties entre amis ou en famille. Ouvert tous les jours en service continu, Casa Cosa vous accueillera en un cadre cosy et chaleureux pour vous offrir d’authentiques spécialités italiennes (pizzas, pasta et beaucoup plus), du vrai café italien à déguster sur une belle terrasse chauffée et un véritable aperitivo à l’italienne.","30, rue de Mogador, 75009 Paris France",€€ - €€€,4.0,475,"{'1': '28', '2': '21', '3': '66', '4': '180', '5': '180'}","Italienne, Pizza, Méditerranéenne, Européenne, Toscane, Italie du Centre"
775346,Chez Vong,,"10 rue de la Grande Truanderie, 75001 Paris France",€€€€,4.0,402,"{'1': '30', '2': '54', '3': '51', '4': '112', '5': '155'}",Chinoise
15707789,Paye Ta Crêpe Paris 18e,,"92 Avenue de Saint Ouen, 75018 Paris France",,3.5,6,"{'1': '1', '2': '1', '3': '1', '4': '0', '5': '3'}",
8297103,McDonald's,"Commandez en ligne et retrouvez facilement toutes les informations McDonald's: le restaurant le plus proche, les actualités, les informations produits et toutes les nouveautés.","62 Boulevard Ornano, 75018 Paris France",€,3.0,4,"{'1': '1', '2': '0', '3': '2', '4': '1', '5': '0'}",
25147887,99 Before,,"99 Rue De La Pompe, 75116 Paris France",,,0,,Française
13298082,The Lions,,"153 rue du Chevaleret, 75013 Paris France",,4.0,5,"{'1': '0', '2': '0', '3': '0', '4': '4', '5': '1'}",Française
27360321,Sarl 119 Rue,,"119 Rue Saint-denis, 75001 Paris France",,,0,,
25373057,Momo Kitchen,,"8 Rue D'alleary 8, 75015 Paris France",,,0,,"Italienne, Américaine, Pizza, Restauration rapide, Cuisine de rue (street food)"
7744909,Casa Nostra,,"2 rue de la Fontaine au Roi, 75011 Paris France",€€ - €€€,3.5,92,"{'1': '16', '2': '4', '3': '13', '4': '40', '5': '19'}","Italienne, Pizza, Européenne"
20054693,PNY Gaité,"PNY Gaité ce sont les meilleurs burgers and fries du 75014, près de la Gare Montparnasse. Le top de la food américaine depuis peu sur la Rive Gauche. PNY Gaité are the best burgers and fries of 75014, near the Gare Montparnasse. The top of American food recently on the left bank.","15, Rue de la Gaité, 75014 Paris France",€€ - €€€,4.5,58,"{'1': '4', '2': '3', '3': '2', '4': '12', '5': '37'}","Américaine, Bar, Restauration rapide, Pub"
27854698,Poissonnerie Monge,,"70 Rue Monge, 75005 Paris France",,,0,,
1035314,Nini,,"24 rue Saussier Leroy, 75017 Paris France",€€ - €€€,3.0,83,"{'1': '24', '2': '9', '3': '6', '4': '15', '5': '29'}","Méditerranéenne, Moyen-Orient, Tunisienne"
9776431,Maison Tête Paris Cadet,"Nous sommes artisan conserveur dans le Gers. Nous nous occupons de l'élevage et de la transformation du CANARD GRAS MULARD IGP GERS. Dans notre boutique retrouvez tous nos produits, ainsi qu'une sélection d'artisan gersois. Le tout dans une ambiance chaleureuse et conviviale. Possibilité de déguster les produits sur places.","20 RUE CADET, 75009 Paris France",€,4.5,48,"{'1': '0', '2': '1', '3': '0', '4': '10', '5': '37'}",Française
17531015,Fresh’Heure,,"4 Rue Gabriel Lamé, 75012 Paris France",€,4.5,23,"{'1': '0', '2': '0', '3': '5', '4': '4', '5': '14'}","Japonaise, Asiatique"
27339843,Le Danube,,"27 Rue Des Alouettes, 75019 Paris France",,,0,,
27361744,Bangcook Fast-good Thaï,"Bangcook, la rencontre de la gastronomie Thaïlandaise et du Fast-Food. Les saveurs des produits frais, préparés sur place par nos chefs, devant vous. Revivez la street food de Bangkok près de chez vous. Un accueil chaleureux, un service rapide, mais attentionné et soigné.","3 Rue De Châteaudun, 75009 Paris France",€,,0,,"Américaine, Restauration rapide, Asiatique, Thaï, Saine, Cuisine de rue (street food)"
10593259,En Face de La Petite Périgourdine,,"28 rue des Ecoles, 75005 Paris France",€€ - €€€,4.0,207,"{'1': '13', '2': '14', '3': '22', '4': '60', '5': '98'}","Italienne, Pizza, Méditerranéenne, Européenne"
3948178,Belushi's,"Commencez votre soirée avec style à Paris dans notre bar Belushi’s le long du bassin de la Villette: Un bar international avec un Happy Hours exceptionnel, les meilleurs burgers de Paris, retransmission d’événements sportifs le tout dans une ambiance unique. Si vous recherchez un établissement à la personnalité unique, le Belushi's Canal vous propose de passer un moment dans un vrai pub anglais qui répondra à toutes vos attentes.","159 Rue de Crimee, 75019 Paris France",€,4.0,383,"{'1': '45', '2': '19', '3': '50', '4': '114', '5': '155'}","Américaine, Bar, Pub"
28006840,Capsule Restaurant,"Capsule Restaurant propose une cuisine d'instinct, une carte gourmande composée de produits frais et de saison réalisée entièrement sur place.

Découvrez votre nouveau restaurant français à Paris 14ème en face de l'entrée de l'Hôpital Cochin, à deux pas de la station Port-Royal et du jardin du Luxembourg.

Notre singularité : du fait maison avec des approvisionnement en circuit court (dès que c'est possible) et une sélection de vins vivants !","2 Rue Cassini, 75014 Paris France",€€€€,4.5,11,"{'1': '1', '2': '0', '3': '0', '4': '1', '5': '9'}",
27370038,Pane Vivo - Monge,,"1 Place Monge, 75005 Paris France",,,0,,
27324773,Bubble Me,,"16 Avenue Niel, 75017 Paris France",,,0,,
13238453,Les Comédiens,,"33 Rue des Alouettes, 75019 Paris France",€€ - €€€,4.0,14,"{'1': '0', '2': '1', '3': '0', '4': '8', '5': '5'}","Pizza, Italienne, Européenne"
27866990,B&b Foods,,"41bis Cours De Vincennes, 75020 Paris France",,,0,,
8710609,Pascal Pinaud,,"70 rue Monge, 75005 Paris France",€,4.5,17,"{'1': '0', '2': '0', '3': '1', '4': '4', '5': '12'}","Française, Restauration rapide, Européenne"
15298415,Zaytoon,,"2 rue Duchefdelaville, 75013 Paris France",€€ - €€€,5.0,95,"{'1': '1', '2': '1', '3': '2', '4': '12', '5': '79'}","Libanaise, Méditerranéenne, Barbecue/Grillades, Moyen-Orient"
17227776,Le Oken,,"19 rue Rambuteau, 75004 Paris France",€€ - €€€,4.0,130,"{'1': '14', '2': '14', '3': '11', '4': '39', '5': '52'}","Française, Café, Fruits de mer et poisson, Européenne, Diner"
9808228,Mombini,"Mombini est un café, qui propose des déjeuners et gâteaux 100% faits maison, du café de qualité, une large sélection de thés et jus bio. Avec l'espace de jeu adjacent et la boutique, Mombini est un lieu original et accueillant pour les parents et les enfants.","22 Rue Gerbert, 75015 Paris France",€€ - €€€,4.5,17,"{'1': '0', '2': '0', '3': '2', '4': '3', '5': '12'}","Internationale, Française"
10910749,Yuki,,"25 Rue Alain Chartier, 75015 Paris France",€€ - €€€,3.0,17,"{'1': '3', '2': '3', '3': '4', '4': '4', '5': '3'}","Japonaise, Pizza"
1332250,Le Janissaire,,"22 allee Vivaldi, 75012 Paris France",€€ - €€€,4.5,433,"{'1': '10', '2': '13', '3': '25', '4': '156', '5': '229'}","Méditerranéenne, Turque, Moyen-Orient"
19813267,Laïa,"C'est un restaurant caché situé à Paris 11. La spécialité du restaurant restaurant méditerranéen Laïa : la cuisson à la Robata qui sublime vos plats. Dernière le restaurant, au milieu du jardin, une superbe terrasse au calme, avec une partie sous véranda et le reste dans le jardin. A quelques centaines de mettre de la place de la Nation, pour une privatisation, pour un spritz entre amis, un diner dépaysant à Paris le restaurant italien, francais et espagnol Laïa recommandé par le Fooding vous séduira. En été, Laïa a probablement une des terrasses les plus dépaysantes de Paris.","226 Boulevard Voltaire, 75011 Paris France",€€ - €€€,4.5,247,"{'1': '6', '2': '11', '3': '9', '4': '22', '5': '199'}","Italienne, Française, Méditerranéenne, Barbecue/Grillades, Espagnole, Grecque, Saine, Italie du Sud"
7345689,McDonald's,"Trouvez facilement toutes les informations de McDonald’s : le restaurant le plus proche, les nouvelles, les informations sur les produits et toutes les dernières nouvelles.","65 Rue La Fayette, 75009 Paris France",€,3.0,51,"{'1': '11', '2': '5', '3': '10', '4': '18', '5': '7'}","Américaine, Restauration rapide"
27305886,Latino Pizza,,"55 Boulevard Lefebvre, 75015 Paris France",,,0,,Pizza
12255008,Hakata Choten,,"16 Rue de la Grande Truanderie Les Halles, 75001 Paris France",€€ - €€€,4.5,131,"{'1': '3', '2': '7', '3': '13', '4': '39', '5': '69'}","Japonaise, Asiatique"
23945075,Mano Paris,"Mano Paris, c'est un véritable voyage gustatif à travers les 21 pays de la méditerranée : jolies couleurs sur nos murs, saveurs dans les assiettes sans oublier une bonne dose de bonne humeur. Notre restaurant méditerranéen est le lieu idéal pour déguster des wraps toastés healthy, des salades et de délicieux mezzes en plein coeur de Paris 10. Vous passez prés du Grand Rex pour une balade ? Venez goûter notre cuisine méditerranéenne ! Nos plats ensoleillés embelliront votre journée. (Ouvert également pour le brunch le week-end !)","4, rue Jean Baptiste Clément Laboratoire de Fabrication, 94250 Paris France",,,0,,"Cuisine de rue (street food), Italienne, Méditerranéenne, Espagnole"
12318304,Chez Gustave,"Brasserie parisienne, cuisine faite maison, bar avec bière pression et carte de vins variétés, tabac et articles fumeurs,","61 Avenue De Suffren, 75007 Paris France",€€ - €€€,4.0,9,"{'1': '2', '2': '0', '3': '1', '4': '1', '5': '5'}",Française
15791673,Boulangerie Pâtisserie,,"55 avenue de Suffren, 75007 Paris France",,4.5,5,"{'1': '0', '2': '1', '3': '0', '4': '0', '5': '4'}","Française, Européenne"
3854219,L'Oasis,,"19 rue Ferdinand Fabre, 75015 Paris France",€,3.0,24,"{'1': '6', '2': '4', '3': '0', '4': '8', '5': '6'}","Marocaine, Méditerranéenne"
21078351,La Dolce Vita,,"45 Rue Héricart, 75015 Paris France",€€ - €€€,4.0,19,"{'1': '1', '2': '0', '3': '3', '4': '5', '5': '10'}","Italienne, Européenne, Bar à vins, Italie du Nord, Italie du Centre, Italie du Sud"
21328046,Crêpe Color's,,"4 Rue Thibaud, 75014 Paris France",€,,0,,
13198135,Autour du Yangtse,,"150 rue Saint Honoré, 75001 Paris France",€€ - €€€,4.5,42,"{'1': '1', '2': '1', '3': '3', '4': '12', '5': '25'}","Chinoise, Asiatique"
8297659,McDonald's,"Commandez en ligne et retrouvez facilement toutes les informations McDonald's: le restaurant le plus proche, les actualités, les informations produits et toutes les nouveautés.","Avenue De Flandres, 87, 75019 Paris France",€,2.5,18,"{'1': '8', '2': '1', '3': '5', '4': '3', '5': '1'}",Restauration rapide
27525458,Passion Café,,"46 Rue Damremont, 75018 Paris France",,,0,,
19488093,O Banh Mi,,"56 Place Saint-Charles, 75015 Paris France",,3.5,3,"{'1': '0', '2': '0', '3': '2', '4': '0', '5': '1'}","Asiatique, Vietnamienne"
7316885,Burger King,"Fondée en 1954 à Miami, BURGER KING® est aujourd'hui la 2e chaîne de burger au monde. Son succès repose sur un concept unique et un produit mythique, le WHOPPER®.","78-80 Avenue Du Général Leclerc, 75014 Paris France",€,3.0,97,"{'1': '21', '2': '23', '3': '15', '4': '25', '5': '13'}","Restauration rapide, Américaine"
12076815,Vivaio Paris,,"28 Rue De La Pépinière, 75008 Paris France",,4.5,6,"{'1': '0', '2': '0', '3': '0', '4': '3', '5': '3'}","Italienne, Pizza"
28034597,Stef O Pizz,,"2, Rue Des Alouettes, 28160 Brou France",,,0,,Pizza
12071403,Pho 15,,"6 Rue D'Alleray, 75015 Paris France",€€ - €€€,3.5,27,"{'1': '5', '2': '2', '3': '2', '4': '7', '5': '11'}","Asiatique, Vietnamienne, Chinoise"
2493025,Tra Amici,,"110 rue Leon Maurice Nordmann, 75013 Paris France",€,4.0,52,"{'1': '0', '2': '3', '3': '9', '4': '25', '5': '15'}","Italienne, Pizza, Européenne"
1972826,La Criée La Villette Paris 19,"Votre restaurant La Criée Paris La Villette vous accueille pour un moment agréable et convivial, autour de ses plateaux de fruits de mer, son large choix de poissons et autres gourmandises. Moules frites, tartare de saumon, carpaccios, pavés de thon et de saumon et autres produits de la mer sont sur notre carte des menus. Un menu enfant au meilleur rapport qualité prix est aussi disponible pour les petits. Et n'oubliez pas notre carte de desserts ! Votre restaurant La Criée Paris La Villette vous accueille du lundi au dimanche pour vos déjeuners ou vos dîners en famille, entre amis ou entre collègues. Vous pouvez consulter les informations de votre restaurant La Criée à PARIS et nos cartes des menus et des vins.","68 Quai de Seine Holiday Inn Express Paris, 75019 Paris France",€€ - €€€,3.5,492,"{'1': '49', '2': '55', '3': '77', '4': '167', '5': '144'}","Fruits de mer et poisson, Française"
25182196,Bubble Paradise,"Bubble tea, Bubble waffles et crepes sucrée","9 Rue Des Belles Feuilles, 75116 Paris France",,,0,,"Française, Asiatique"
21512799,Pret a Manger,,"91 Boulevard Haussmann Paris, 75008 Paris France",€€ - €€€,2.5,6,"{'1': '3', '2': '0', '3': '1', '4': '1', '5': '1'}",
6813435,Le Quid,"A Paris, les modes se font et se défont au rythme des saisons. Si vite, qu’il en devient parfois difficile de trouver un peu de simplicité parmi ces bars et restaurants « conceptuels » qui prennent leurs quartiers dans la capitale… Au Quid, pas de cuisine moléculaire, ni de plats végétaliens mijotés avec des herbes inconnues, mais de la cuisine faite maison, servie par une équipe souriante dans un lieu chaleureux en plein cœur de Paris. Le Quid, c’est l’endroit où il fait bon être pour un Happy Hour entre amis, autour de tapas. Le petit coin parfait pour s’attabler autour de plats savoureux et élaborés à partir de produits frais, le temps d’un dîner entre amis, ou d’un déjeuner au soleil. Formule midi - plat + dessert = 11€ Happy-hour 17h 00h Pinte 3€ Vins 4€ Cocktails et coupe de champagne 5€","12 rue de la Grande Truanderie, 75001 Paris France",€,3.5,21,"{'1': '4', '2': '1', '3': '5', '4': '5', '5': '6'}","Française, Pizza, Espagnole"
27365643,La Boutique,,"209 Boulevard Voltaire, 75011 Paris France",,,0,,
850136,La Petite Périgourdine,,"39, Rue Des Écoles 5th Arrondissement, 75005 Paris France",€€ - €€€,4.0,1369,"{'1': '75', '2': '70', '3': '134', '4': '519', '5': '572'}",Française
17424240,Lylee,,"4 rue Beaugrenelle intersection Rue Linois, 75015 Paris France",€€ - €€€,5.0,107,"{'1': '0', '2': '0', '3': '2', '4': '6', '5': '99'}","Asiatique, Thaï, Vietnamienne, Saine"
23787843,Le Domremy,,"74 Rue Jeanne d'Arc, 75013 Paris France",,,0,,Pizza
1056772,Le Tournesol cafe,"La cantine du midi ou l'apéro du début soirée. Café, boissons fraîches, cocktails et assiettes gourmandes. C'est tous les jours de 8h à 2h !","9 rue de la Gaite, 75014 Paris France",€€ - €€€,2.5,323,"{'1': '114', '2': '38', '3': '61', '4': '75', '5': '35'}","Française, Bar"
25165823,Le P'tit Piano,"Le P'tit Piano French restaurant. Cuisine française perigourdine paris 9  rue cadet ouvert dimanche Traditional French restaurant 9eme arrondissement de Paris foie gras côté de bœuf magret de canard confit de canard .Best rate in paris hight score review Best burger in paris. Live music restaurant piano singing opéra. Dîner romantique, Anniversaire, grand groupe
Formule petit déjeuner formule déjeuner. Breakfast","26 rue Cadet, 75009 Paris France",€€ - €€€,4.0,55,"{'1': '4', '2': '4', '3': '3', '4': '12', '5': '32'}","Française, Européenne"
1783026,Le Vinci,,"23 rue Paul Valery, 75116 Paris France",€€ - €€€,4.5,85,"{'1': '0', '2': '1', '3': '6', '4': '28', '5': '50'}","Italienne, Européenne, Méditerranéenne"
23655580,Crous Paris Dauphine,,"Place Du Maréchal De Lattre De Tassigny, 75016 Paris France",,3.0,1,"{'1': '0', '2': '0', '3': '1', '4': '0', '5': '0'}","Pizza, Européenne, Saine"
8533491,Sushi Lounge,,"26 Rue de la Pépinière, 75008 Paris France",€€ - €€€,4.0,30,"{'1': '0', '2': '3', '3': '6', '4': '12', '5': '9'}","Japonaise, Sushi, Asiatique"
28395405,Cho Cho,,"54b Rue De Paradis, 75010 Paris France",,,0,,Française
23743850,Mian Fan Dumpling Factory,"bienvenue chez Mian Fan Dumpling Factory ! I Venez goûter les meilleurs raviolis chinois de tout Paris. Avec notre cuisine ouverte, généreuse et faite maison, vous allez (re)découvrir le régal de dumplings authentiques et de tapas asiatiques. Redécouvrez la tradition culinaire chinoise en plein cœur de Paris ! Lorsque vous poussez les portes de notre Dumpling Factory, vous entrez dans un univers parallèle où les saveurs sont reines et les ingrédients de première qualité. Dans l’assiette : des raviolis faits maison, relevés juste comme il faut et qui explosent littéralement en bouche. Si les dumplings sont les stars de notre carte, ce n’est pas la seule surprise que vous réserve la nouvelle adresse Mian Fan. Vous pourrez les accompagner des tapas de Madame Li : des recettes originales à déguster sur le pouce ou à partager entre amis. Et pour terminer sur une note sucrée, notre délicieux cheesecake maison, avec un choix de topping à faire tourner la tête.","29 Rue de Mogador, 75009 Paris France",,5.0,70,"{'1': '0', '2': '0', '3': '0', '4': '3', '5': '67'}","Asiatique, Saine"
21232219,Pizza Hut,"Dégustez le goût authentique de la véritable pizza Américaine chez Pizza Hut ! Depuis plus de 60 ans, nous servons à nos clients de délicieuses pizzas. Vous trouverez au menu un large choix de pizzas ainsi que des sides, desserts, boissons et autres spécialités. Envie de créer votre propre pizza ? C'est possible chez Pizza Hut ! Chez Pizza Hut nous avons à cœur de satisfaire toutes vos envies c'est pourquoi nous proposons un large choix de produits végétariens ou épicés. Commandez nos pizzas à emporter ou en livraison en ligne ou directement dans un de nos Huts.","129 Boulevard Saint-michel, 75005 Paris France",,1.0,1,"{'1': '1', '2': '0', '3': '0', '4': '0', '5': '0'}",
1335701,L'Esquisse,,"73 avenue de Suffren, 75007 Paris France",€€ - €€€,4.0,13,"{'1': '0', '2': '2', '3': '2', '4': '3', '5': '6'}",Française
11964486,Chez Lala,"Une décharge de saveurs, de couleurs pour cette cuisine sénégalaise goûteuse mélangé d'un accueil chaleureux et d'une ambiance conviviale. Un cocktail à boire sans modération.","52 rue Championnet, 75018 Paris France",€,4.5,17,"{'1': '1', '2': '0', '3': '0', '4': '1', '5': '15'}",Africaine
1174565,Maison des trois thés,,"1 rue Saint Medard, 75005 Paris France",€€€€,4.0,89,"{'1': '4', '2': '5', '3': '7', '4': '22', '5': '51'}",
18965216,ToyamaH,,"27 Rue Bayen, 75017 Paris France",€€ - €€€,2.5,4,"{'1': '2', '2': '0', '3': '1', '4': '0', '5': '1'}","Japonaise, Sushi"
23588354,Mcdonald's,,"2 Les Boulevard Arago, 75013 Paris France",,,0,,"Américaine, Restauration rapide"
719123,Le Fumoir,,"6 Rue de Admiral Coligny, 75001 Paris France",€€ - €€€,4.0,1492,"{'1': '54', '2': '53', '3': '172', '4': '590', '5': '623'}","Française, Européenne, Saine"
1035658,La Chaloupe,,"73 avenue de Suffren, 75007 Paris France",,4.0,1,"{'1': '0', '2': '0', '3': '0', '4': '1', '5': '0'}",
21380236,L’etoile de rivoli,,"158 Rue de Rivoli, 75001 Paris France",,2.5,12,"{'1': '6', '2': '1', '3': '1', '4': '1', '5': '3'}","Asiatique, Chinoise, Restauration rapide, Vietnamienne, Diner, Restaurants de bière"
783786,Le Bastringue,"Bastringue était le nom familier des bals-musettes et des dancings, ce qui évoque la grande époque du Paris canaille des apaches et des marlous. Ici, sur le quai du bassin de la Villette, on descend en droite ligne des ancêtres à la « gueule d'atmosphère ». D'abord parce que le barman vous sert la main d'emblée. Ça étonne, et pourtant quoi de plus normal quand on va boire un verre chez quelqu'un ? Il y a aussi un beau bar en demi-cercle, en bois et en formica, deux petites salles familiales où l'on peut manger le soir jusqu'à minuit et le midi « à pas cher » (formule à 11 €) et une sacrée rangée de tables en terrasse, face aux bateaux à quai. Ce joli Bastringue donne sur l'extérieur grâce à des portes vitrées anciennes, qui se replient. Bref, si vous avez soif de lieux et de gens qui vivent Paris comme si elle n'était pas une des villes les plus chères du monde, allez trinquer là-bas à la bonne santé de l'esprit parigot.","67 Quai de la Seine, 75019 Paris France",€€ - €€€,4.0,521,"{'1': '13', '2': '20', '3': '37', '4': '209', '5': '242'}","Française, Bar, Européenne"
23892631,Chez Bebert,,"Boulevard Olivier Maillard, Paris France",,,0,,Française
719944,Thu Thu,,"51 B rue Hermel, 75018 Paris France",€€ - €€€,4.5,169,"{'1': '0', '2': '6', '3': '10', '4': '64', '5': '89'}","Asiatique, Vietnamienne"
16698870,Aroi Dee,,"39 Rue Jean de la Fontaine, 75016 Paris France",€€ - €€€,4.5,17,"{'1': '0', '2': '1', '3': '0', '4': '5', '5': '11'}","Asiatique, Thaï"
27912146,Laïzé Sainte-avoye,,"62 Rue Vieille Du Temple, 75003 Paris France",,,0,,
7141193,Le Ribera,,"66 B rue Jean de la Fontaine, 75016 Paris France",,3.0,7,"{'1': '0', '2': '3', '3': '0', '4': '4', '5': '0'}",Française
1726526,Tesoro d'Italia,Happy HOUR 18:30 20:30 (APERITIFS AU CHOIX ET DE COCKTAIL MAISON ACCOMPAGNEE DE CHARCUTERIE OFFERT),"41 rue de Paradis, 75010 Paris France",€€ - €€€,4.5,642,"{'1': '3', '2': '13', '3': '32', '4': '169', '5': '425'}","Italienne, Méditerranéenne, Européenne, Romana, Latium, Italie du Centre"
1336737,Cantinella,,"30 Fbg St Jacques, 75014 Paris France",€€ - €€€,4.5,151,"{'1': '4', '2': '4', '3': '7', '4': '43', '5': '93'}","Italienne, Méditerranéenne, Européenne"
32077898,Bar Les Ambassadeurs,,"10 Place De La Concorde, 75008 Paris France",,5.0,1,"{'1': '0', '2': '0', '3': '0', '4': '0', '5': '1'}","Bar, Internationale, Pub, Bars-restaurants"
12157747,Season Square,,"3 Rue Louise Weiss, 75013 Paris France",€€ - €€€,4.5,56,"{'1': '0', '2': '0', '3': '2', '4': '17', '5': '37'}","Française, Américaine, Asiatique"
8411078,Ravioli Nord Est,,"115 rue Saint Denis, 75001 Paris France",€,4.0,118,"{'1': '5', '2': '5', '3': '13', '4': '46', '5': '49'}","Chinoise, Asiatique"
4397852,O Churrasco,,"297 rue de Charenton, 75012 Paris France",€€ - €€€,4.0,90,"{'1': '9', '2': '6', '3': '3', '4': '26', '5': '46'}","Européenne, Portugaise"
720142,Vin et Marée Suffren Ecole Militaire,,"71, Avenue de Suffren, 75007 Paris France",€€ - €€€,4.0,614,"{'1': '28', '2': '40', '3': '46', '4': '195', '5': '305'}","Française, Fruits de mer et poisson, Européenne"
16831525,Les Pères Siffleurs,,"15 rue Gerbert, 75015 Paris France",€€ - €€€,4.5,110,"{'1': '3', '2': '2', '3': '5', '4': '19', '5': '81'}",Française
2197027,Le Florentin,,"10 rue Saint Florentin, 75001 Paris France",€€ - €€€,4.0,283,"{'1': '24', '2': '21', '3': '28', '4': '88', '5': '122'}","Française, Bar, Européenne"
11857149,Sourire Le Restaurant,"Cuisine gastronomique dans un cadre cosy et chaleureux composé de grande table en marbre et de fauteuils en velours bleu. Le chef Justin Brohm propose une cuisine d'auteur et travaille des produits saisonniers de qualité avec des accords originaux, twiste certains classiques, embellit des produits moins nobles ou joue sur des unions étonnants. Le menu change tout les mois en fonction des saisons et des produits proposés par les producteurs, s'adaptant ainsi à ce qu'offre la nature. Les vins sont choisis par le sommelier auprès de vignerons dûment sélectionnés.","15 rue de la Santé, 75013 Paris France",€€€€,4.5,426,"{'1': '6', '2': '5', '3': '12', '4': '65', '5': '338'}","Française, Européenne, Moderne, Saine"
27369997,Café Litteratum,,"22 Rue Des Écoles, 75005 Paris France",,,0,,
17640104,Le Raj's Palace restaurant indien,,"125 rue Lamarck, 75018 Paris France",€€ - €€€,4.5,38,"{'1': '1', '2': '1', '3': '1', '4': '6', '5': '29'}","Indienne, Saine"
1946587,COME PRIMA by OSKIAN,"Come Prima by Oskian vous accueille dans ses 3 salles à thème pour des déjeuners ou diners entre amis, collègues ou famille... avec possibilité de privatiser une salle. Avec ses 50 ans de renommé de meilleures pizzas de Paris et de savoir faire, nous vous attendons dans notre nouveau décor tendance. Vous y découvrirez également notre cuisine traditionnelle italienne. Proche du musée du Louvre, du musée de la Bourse de Commerce et de la Samaritaine.","139 Rue St Honoré, 75001 Paris France",€€ - €€€,4.0,298,"{'1': '21', '2': '15', '3': '32', '4': '97', '5': '133'}","Italienne, Pizza, Européenne"
1522927,Carmine Cafe,"Brasserie chic et tendance installée à côté du Grand Palais Ephémère et de l'école militaire dans le 7ème arrondissement. Dotée d’une belle terrasse ensoleillée qui se transforme en terrasse couverte et chauffée aux premiers frimas, vous y serez confortablement installés. Le Carmine café vous accueille du petit-déjeuner dès 7h du matin jusqu’au bout de la nuit ! L'après-midi venez découvrir notre incontournable Brunch Tea-Time autour d'une jolie sélection de desserts et crêpes sucrées!","73 avenue de Suffren, 75007 Paris France",€€ - €€€,4.0,719,"{'1': '38', '2': '44', '3': '81', '4': '258', '5': '299'}","Pizza, Française, Européenne"
27212846,Idéal Bar,,"99 Avenue De Saint-ouen, 75017 Paris France",,,0,,
7340692,Le Petit Claude,,"47 Avenue de la Motte Picquet, 75015 Paris France",€€ - €€€,3.0,231,"{'1': '35', '2': '36', '3': '49', '4': '64', '5': '47'}",Française
27835871,Le Regent,,"26 Rue Cadet, 75009 Paris France",,,0,,
28531166,Pizza Rue Thibaud,,"Rue Thibaud, 75014 Paris France",,5.0,1,"{'1': '0', '2': '0', '3': '0', '4': '0', '5': '1'}",Italienne
7283262,O Fil  Rouge,OPEN TUESDAY TO SATURDAY 12:00 AM TO 14:30 19:30 PM TO 22:30,"69 rue St Charles, 75015 Paris France",€€ - €€€,4.5,236,"{'1': '7', '2': '10', '3': '11', '4': '73', '5': '135'}","Française, Européenne"
32849296,Krispy Kreme - Rambuteau,,"15 Rue Rambuteau, 75003 Paris France",,,0,,
27289907,Le Marché Saint Michel,,"135 Boulevard Saint-michel, 75005 Paris France",,,0,,
1061443,Honest-Lawyer,"L’histoire du pub Honest Lawyer débute Il y a de cela 30 ans lorsqu’un irlandais reprit le Havane Café pour le transformer en pub. Toutefois, le patron irlandais ne parvint pas à trouver un nom à son goût pour son pub. Il organisa un jour une soirée mémorable pour le compte d’un de ses amis avocat, avec qui il sympathisait depuis un moment. Il ignorait alors que ce client célébrait son pot de départ, et comme remerciement, il ne reçu qu’une ardoise mémorable de sa part. Afin de ne pas oublier cette leçon, il décida de nommer son pub, avec une certaine ironie, « The Honest Lawyer ».

Aujourd'hui, le Honest Lawyer dispose pour vous accueillir d’un total de 84 places assises dont 62 à l'intérieur, mais également de quatre télévisions grâce auxquelles les matchs de foot, rugby, tennis et j'en passe sont devenus notre quotidien. En fonction de l’heure, l'ambiance toujours conviviale qui règne au Honest Lawyer varie du calme au festif.

Côté bar, vous retrouverez comme dans tout pub qui se respecte une sélection soignée de bières pression/bouteille blondes, blanches, brunes et rousses provenant de France, de Belgique et d’Angleterre, des cocktails maison alcoolisés ou non, et d’excellents cafés Perle Noir. De quoi étancher toute sorte de soif.

Vous serez surpris par nos burgers maisons qui raviront les carnivores, mais nos amis végétariens n’ont pas été oubliés ! Le tout 100% à base de produits frais et à un prix très abordable, surtout le midi ou nous vous proposerons chaque jour en semaine un plat du jour différent.

Pour finir de vous convaincre, nous vous proposons une HAPPY HOUR du Lundi au Samedi de 17h30 à 20 heure, et pour tous vos événement, il est aussi possible de diffuser musique et images, via une clef USB sur nos télévisions.

A très bientôt,
L’équipe du Honest","176 rue de la Pompe, 75116 Paris France",€€ - €€€,4.0,110,"{'1': '1', '2': '3', '3': '13', '4': '49', '5': '44'}","Bar, Pub, Française, Européenne"
2494431,Terres de Café,,"14 rue Rambuteau, 75003 Paris France",€,4.5,47,"{'1': '3', '2': '0', '3': '4', '4': '7', '5': '33'}",Café
3896898,Ame et Esprit du Vin,,"22 rue Cadet 75009, 75009 Paris France",,4.0,15,"{'1': '0', '2': '1', '3': '0', '4': '9', '5': '5'}",Française
25092497,Expres'so Tea,,"113 Rue St Denis, 75001 Paris France",,4.0,1,"{'1': '0', '2': '0', '3': '0', '4': '1', '5': '0'}",
7130886,Yoshikawa,"Bienvenue chez Yoshikawa, un restaurant japonais tenu par un chef cuisinier qui a plus de 21 ans d'expériences. Venez déguster notre saumon d'Écosse LABEL ROUGE, notre riz NISHIKI sur place ou à emporter (Profitez d'une remise de -10% sur les menus à plus de 12€ !) . Nos viandes sont halals.","50 rue de la Chapelle, 75018 Paris France",,4.0,9,"{'1': '1', '2': '0', '3': '0', '4': '4', '5': '4'}","Japonaise, Sushi"
27322291,Lina Bonjour,,"41 Boulevard Ornano, 75018 Paris France",,,0,,
3524446,Mary Gelateria,Maître Artisan Glacier avec une touche de féminité et l'accent chantant l'Italie qui produit les meilleures glaces de Paris. Best GELATO Shop in Paris !,"60 rue Du Temple Paris 75003 75003 Paris, 75003 Paris France",€€ - €€€,4.5,45,"{'1': '1', '2': '3', '3': '6', '4': '6', '5': '29'}",Italienne
5955916,Royal Cadet,"Situé au 11 rue Cadet, dans une rue piétonne du 9ème arrondissement de Paris, le Royal Cadet vous accueille du lundi au samedi dans une ambiance chaleureuse de bistrot à l'ancienne.","11 rue Cadet, 75009 Paris France",€€ - €€€,3.5,121,"{'1': '16', '2': '6', '3': '21', '4': '48', '5': '30'}","Française, Bar, Européenne, Brasserie gastronomique"
23780537,Chocho,,"54 Rue De Paradis, 75010 Paris France",€€€€,4.5,71,"{'1': '3', '2': '3', '3': '7', '4': '13', '5': '45'}","Française, Européenne, Saine"
28098387,Happylemon Les Halles,,"15 Rue De La Grande Truanderie, 75001 Paris France",,,0,,
12621198,Les Ambassadeurs,,"10 Place de la Concorde, 75008 Paris France",€€€€,4.5,143,"{'1': '5', '2': '12', '3': '12', '4': '24', '5': '90'}","Française, Bar, Européenne"
24068283,Fulgurances En Face,"« En Face », notre lieu de vie à la fois caviste, cave à vins et à manger.Venez goûter les petites assiettes gourmandes et pleines de vivacité de notre cheffe Aminata Fadika. Une carte mouvante et libre portée joyeusement par les vins vivants choisis par Mehdi Kernachi. Que ce soit pour un apéro improvisé, avant de dîner à l’Adresse ou sur notre table d’hôte à plusieurs, “En face” vous reçoit comme chez vous !","5 Rue Alexandre Dumas, 75011 Paris France",,,0,,"Française, Bar à vins"
2587025,Le Cafe du Trone,,"3 avenue du Trone 75011, 75011 Paris France",€€ - €€€,4.0,90,"{'1': '8', '2': '4', '3': '9', '4': '34', '5': '35'}","Française, Bar, Café, Européenne"
8594249,L'Edelweiss,,"2 rue de Dijon Angle Rue Gabriel Lame, 75012 Paris France",€,3.5,39,"{'1': '5', '2': '2', '3': '0', '4': '24', '5': '8'}",Française
27294565,Le Panier D'alésia,,"66 Avenue Du Général Leclerc, 75014 Paris France",,,0,,
778116,Zendo Sushi Restaurant,,"43 Rue Gabriel Lamé, 75012 Paris France",€€ - €€€,3.5,82,"{'1': '12', '2': '8', '3': '9', '4': '18', '5': '35'}","Japonaise, Sushi, Asiatique"
27231401,Ô Vietnam,,"121b Rue Lamarck, 75018 Paris France",,,0,,
807352,Damie,,"7 rue Dupleix, 75015 Paris France",€€ - €€€,4.5,43,"{'1': '0', '2': '0', '3': '2', '4': '17', '5': '24'}","Coréenne, Asiatique"
17912596,Picchetto,,"50 avenue de la Motte Picquet, 75015 Paris France",€€ - €€€,3.5,156,"{'1': '45', '2': '8', '3': '14', '4': '16', '5': '73'}","Italienne, Pizza, Européenne"
23526576,Fogata Latina,,"2 Rue Thibaud, 75014 Paris France",€€ - €€€,5.0,12,"{'1': '0', '2': '0', '3': '1', '4': '0', '5': '11'}",Saine
27359291,Hi Mart,,"71bis Rue Saint-charles, 75015 Paris France",,,0,,
16746246,Ristoranti Del Arte,,"76-80 Avenue du Général Leclerc, 75014 Paris France",,2.0,1,"{'1': '0', '2': '1', '3': '0', '4': '0', '5': '0'}",Italienne
7060103,Le Sevres,,"96 Rue De Sèvres, 75007 Paris France",€€ - €€€,3.0,46,"{'1': '14', '2': '6', '3': '8', '4': '9', '5': '9'}","Française, Bar, Pub"
19122276,Le Reflet,"Le Reflet est un restaurant extraordinaire, situé au cœur du quartier du Marais, à Paris 3ème. Plus qu'un restaurant c'est un lieu de partage et de convivialité, une véritable aventure humaine ! Venez découvrir notre cuisine généreuse élaborée à partir de produits frais, et notre équipe extraordinaire dont la majorité est composée de personnes porteuses d'une trisomie 21. Ce sont eux qui vont vous faire voyager le temps d'un repas... et plus encore ! Le Reflet, labellisé écotable, vous propose une carte de saison, des plats et desserts entièrement fait maison, toujours avec une option végétarien.","11 Rue De Braque, 75003 Paris France",€€ - €€€,5.0,92,"{'1': '0', '2': '0', '3': '3', '4': '8', '5': '81'}","Française, Européenne, Saine, Moderne"
2010265,Hokusaï,"Situé au sein de l'hôtel Métropolitan, le restaurant Hokusaï offre une cuisine fusion japonaise raffinée et élégante dans un cadre confortable et détendu.","3, rue des Belles Feuilles Hotel Metropolitan, 75116 Paris France",€€ - €€€,4.5,124,"{'1': '1', '2': '4', '3': '8', '4': '33', '5': '78'}",Fusion japonaise
27370420,A L'heure Du Thé,,"23 Rue Lacépède, 75005 Paris France",,1.0,1,"{'1': '1', '2': '0', '3': '0', '4': '0', '5': '0'}",
17560481,Plein Ouest,,"4 rue Saulnier, 75009 Paris France",€€ - €€€,5.0,73,"{'1': '2', '2': '0', '3': '1', '4': '6', '5': '64'}","Française, Fruits de mer et poisson, Européenne"
27845558,Chatime Bubble Tea - Beaugrenelle 75015,,"56 Rue Saint-charles, 75015 Paris France",,,0,,
17322654,Seb et Marie,,"18 rue Cadet, 75009 Paris France",,,0,,Traiteur
718069,Le Jardin des Pâtes,"Juste en face du Jardin des Plantes, au cœur du 5e arrondissement parisien, découvrez le Jardin des Pâtes ! Un cadre chaleureux et verdoyant, des murs aux pierres apparentes, voici l’endroit idéal pour déconnecter le temps d’un repas haut en saveurs. La spécialité de la maison, comme son nom l’indique, les pâtes ! Le Chef les accommode de diverses façons en utilisant des produits bio. Les pâtes peuvent être confectionnées à partir de seigle, de sarrasin et même de châtaignes et s’accompagneront d’un bon verre de vin qui en exhalera toutes les saveurs. Gardez un peu de place pour les desserts, avec le clafoutis aux fruits… un véritable régal ! Par temps clément vous pourrez vous installer en terrasse pour déguster vos pâtes. Pensez également à réserver le restaurant pour vous et vos convives pour y organiser un événement spécial. ""A partir des grains de différentes céréales (orge,riz,sarrasin,seigle...),nous confectionnons nous-même nos pâtes chaque jour depuis 1984. Nos céréales sont cultivées sans engrais,ni désherbant chimique. Les pâtes que vous dégustez sont cuisinées sur place à partir de produits bruts et frais,au fur et à mesure de vos commandes."" Emmanuel Maggio, Gérant,","4 rue Lacepede, 75005 Paris France",€€ - €€€,4.0,372,"{'1': '10', '2': '13', '3': '56', '4': '169', '5': '124'}","Italienne, Française, Européenne"
785995,AlKaram,,"15 rue Ferdinand Fabre, 75015 Paris France",€€ - €€€,5.0,887,"{'1': '2', '2': '3', '3': '30', '4': '134', '5': '718'}","Libanaise, Méditerranéenne, Saine, Moyen-Orient"
14001747,Le Théâtre,,"56 Place Saint Charles, 75015 Paris France",,4.5,8,"{'1': '0', '2': '0', '3': '2', '4': '2', '5': '4'}",Française
20286410,Le Phare St Louis Ix,,"51 avenue de la Motte Picquet, 75015 Paris France",€€ - €€€,4.0,20,"{'1': '3', '2': '2', '3': '1', '4': '5', '5': '9'}",Française
27275286,Auchan,,"327 Rue De Vaugirard, 75015 Paris France",,,0,,
7740433,L'aile Ou La Cuisse,,"33 Rue Greuze, 75116 Paris France",€€ - €€€,4.0,76,"{'1': '11', '2': '8', '3': '5', '4': '10', '5': '42'}","Steakhouse, Française, Européenne"
15047662,Tripletta Gaité,Restaurant tendance proposant diverses pizzas napolitaines à pâte fine cuites au feu de bois élaborées avec des produits de qualité.,"1 Impasse de la Gaité, 75014 Paris France",€€ - €€€,3.5,172,"{'1': '29', '2': '10', '3': '15', '4': '46', '5': '72'}","Italienne, Pizza"
25399209,Claudia Paris,,"51 Avenue De La Motte-picquet, 75015 Paris France",€€ - €€€,3.5,24,"{'1': '5', '2': '4', '3': '2', '4': '4', '5': '9'}","Italienne, Pizza"
814207,Petit Saigon,"Des specialites parfumees ou pimentees, du sucre-sale ou des plats emprunts d'originalite : crepes porc-champignons, nems au crabe, salade mangue-papaye aux crevettes, marmite de poissons au caramel ou soupe tonkinoise au boeuf tendre cru...","30 Rue des Carmes, 75005 Paris France",€€ - €€€,4.0,180,"{'1': '9', '2': '9', '3': '17', '4': '53', '5': '92'}","Asiatique, Vietnamienne"
17759925,The Godfather Restaurant,"Trônant fièrement au coeur de la coulée verte, The Godfather est ""the place to be"" si vous voulez vivre une expérience gourmande dans un cadre rétro et tendance! La salle principale recrée le cadre d'une brasserie à la New yorkaise avec son cuivre et ses briques rouges. Mention spéciale pour la grande terrasse extérieure chauffée de 40 places protégée du froid et de la pluie. Cuisine itali-américaine à partager Le maître des lieux, choisit une qualité de viande irréprochable pour vous proposer des plats d'exception. Ici, les grillades sont préparées à partir de morceaux 1er choix . La carte vous réserve d'autres incontournables comme la salade César, l'assiette de foie gras, des originalités comme les marmites de pâtes.","41 Allee Vivaldi, 75012 Paris France",€€ - €€€,4.5,120,"{'1': '1', '2': '9', '3': '8', '4': '33', '5': '69'}","Italienne, Sicilienne, Italie du Sud"
17418305,Régal Thai,,"23 Rue de la Chapelle, 75018 Paris France",,,0,,
5011634,Bistrot du marche,,"75 B rue Monge, 75005 Paris France",€€ - €€€,3.5,83,"{'1': '11', '2': '8', '3': '8', '4': '28', '5': '29'}","Française, Bar, Européenne, Pub"
5975610,Sushi Magic,,"24 rue du Javelot, 75013 Paris France",€,4.0,47,"{'1': '4', '2': '5', '3': '8', '4': '11', '5': '19'}","Japonaise, Sushi, Asiatique, Chinoise"
13970213,El Tequila,,"2 rue Eugene Carriere, 75018 Paris France",€€ - €€€,4.0,98,"{'1': '12', '2': '4', '3': '5', '4': '12', '5': '65'}","Mexicaine, Latino, Cubaine, Amérique centrale"
27356752,Coopérative La Louve,,"116 Rue Des Poissonniers, 75018 Paris France",,,0,,
15707496,La Maison du Bagel 16ème,,"6-16 rue des Belles Feuilles Centre Commercial, 75116 Paris France",,,0,,
13110569,Les Passerelles,"Les Passerelles vous accueille le temps d'un déjeuner au sein de son restaurant à la cuisine ""chic et colorée"" avant de se transformer en bar à cocktail intimiste le soir venu.","19 Rue Saulnier, 75009 Paris France",€€ - €€€,4.0,24,"{'1': '2', '2': '1', '3': '3', '4': '6', '5': '12'}","Française, Bar, Café, Méditerranéenne, Diner"
896843,La Piscine,"Brasserie de quartier du 18e arrondissement de Paris proposant une offre café, petit déjeuner, restaurant, bar et brunch Ouvert 7/7 jours ! Offre de 9 bières pression essentiellement belges, de vins et de cocktails création ! Restaurant tous les midis (12h à 14h) et les soirs (19h à 23h) Offre brunch les dimanches de 11h à 16h.","33 rue Boinod, 75018 Paris France",€,3.5,27,"{'1': '5', '2': '1', '3': '2', '4': '7', '5': '12'}","Française, Bar à bières, Café, Grillades, Pub, Bars-restaurants"
20920877,Wonderland Pâtisserie,,"208 Avenue Du Maine, 75014 Paris France",€,5.0,19,"{'1': '0', '2': '0', '3': '0', '4': '2', '5': '17'}","Française, Café, Saine"
5804498,Pavillon Dauphine,,"Place Du Marechal De Lattre De Tassigny, 75116 Paris France",€€€€,4.5,21,"{'1': '0', '2': '0', '3': '1', '4': '7', '5': '13'}",Française
15694873,Afrik'N'Fusion,,"54 rue Jeanne d’Arc, 75013 Paris France",€€ - €€€,3.0,16,"{'1': '5', '2': '2', '3': '2', '4': '1', '5': '6'}",Africaine
23744759,Sozo,,"24 Rue Saussier-Leroy, 75017 Paris France",,,0,,
25291581,Le 703,,"9 Rue Fourcroy, 75017 Paris France",€€ - €€€,5.0,19,"{'1': '0', '2': '0', '3': '1', '4': '1', '5': '17'}",Française
8707620,The Bridge Bar & Tea House,,"41 Rue des Écoles, 75005 Paris France",€€ - €€€,5.0,22,"{'1': '0', '2': '0', '3': '1', '4': '2', '5': '19'}",Française
1057789,Mai Do,,"23 boulevard du Montparnasse, 75006 Paris France",€€ - €€€,4.0,193,"{'1': '7', '2': '12', '3': '23', '4': '85', '5': '66'}","Asiatique, Vietnamienne"
7284857,Wang's,,"310 rue de Charenton, 75012 Paris France",€,2.5,10,"{'1': '4', '2': '1', '3': '1', '4': '3', '5': '1'}","Chinoise, Vietnamienne"
13966640,Chez Raviolis Chen Chen,,"54 avenue Philippe Auguste, 75011 Paris France",€,4.5,19,"{'1': '1', '2': '0', '3': '2', '4': '4', '5': '12'}","Chinoise, Asiatique"
19336655,Zoeun Sigtag,,"20 cours de Vincennes, 75012 Paris France",,4.5,5,"{'1': '0', '2': '0', '3': '0', '4': '3', '5': '2'}","Asiatique, Coréenne"
719437,Le Suffren - Paris,"Le Suffren - Paris 15 est restaurant français proche de la Tour Eiffel et du Champ de Mars.
Dans notre brasserie parisienne à cuisine traditionnelle, vous pourrez y déguster une soupe à l'oignon, un tartare, des escargots ou vous régalez avec des huîtres ou des fruits de mer.
Nous sommes ouverts tous les jours, du petit déjeuner au diner avec un service continu.
Nous serons heureux de vous recevoir et que vous puissiez profiter de notre terrasse face à l'Ecole Militaire et au Grand Palais Ephémère
Le Suffren - Paris 15","84 Avenue Suffren, 75015 Paris France",€€ - €€€,4.0,1665,"{'1': '79', '2': '74', '3': '137', '4': '628', '5': '747'}","Française, Fruits de mer et poisson, Européenne"
1381645,Jodhpur Palace,,"42 allee Vivaldi, 75012 Paris France",€€ - €€€,3.5,309,"{'1': '28', '2': '28', '3': '40', '4': '112', '5': '101'}",Indienne
6220271,Le Petit 18,"Nous tenions à garder un esprit de convivialité et de partage que représente notre cher quartier, c'est pourquoi nous avons misé sur une cuisine traditionnelle et goûteuse où le produit frais est roi. Ainsi notre menu du jour change quotidiennement au plus grand plaisir de nos clients. Nous proposons également des burgers de qualité sur place ou à emporter. Nous préparons nous même nos pains et nos sauces afin d'émoustiller vos papilles et de retrouver le goût de l'authentique.","48 Rue Damrémont, 75018 Paris France",€€ - €€€,4.5,22,"{'1': '1', '2': '0', '3': '0', '4': '9', '5': '12'}",Française
26548853,Yum's,"Le Homemade version Frenchy Brasserie proposant des plats, des burgers, des sandwich, des pâtes, des pizzas ainsi que différents dessert.","2 Rue Des Alouettes, 75019 Paris France",,,0,,"Française, Américaine"
32698327,Ravioli Nord Est Châtelet,,"115 Rue Saint-denis, 75001 Paris France",,,0,,Chinoise
10321376,Le Tricycle,,"51 rue de Paradis, 75010 Paris France",€,4.5,59,"{'1': '3', '2': '1', '3': '4', '4': '18', '5': '33'}",
1504635,La Pepiniere,,"6 Place Saint Augustin, 75008 Paris France",€€ - €€€,3.0,58,"{'1': '18', '2': '10', '3': '5', '4': '11', '5': '14'}","Française, Bar"
6560582,Madame Fan,"Madame FAN, anciennement FANFAN, le restaurant gastronomique fusion au guide Michelin depuis 2019, révolutionne désormais la scène culinaire avec sa cuisine gastronomique chinoise innovante. Ce joyau parisien attire les gourmets et les amateurs de cuisine fusion, en quête d'expériences culinaires exceptionnelles, grâce à son approche unique et ses plats raffinés qui mélangent tradition et modernité.","18 Rue Bayen, 75017 Paris France",€€€€,4.0,55,"{'1': '2', '2': '5', '3': '8', '4': '5', '5': '35'}","Chinoise, Moderne, Fusion"
27230923,Noir Coffee Shop,,"8 Rue Saint-florentin, 75001 Paris France",,5.0,1,"{'1': '0', '2': '0', '3': '0', '4': '0', '5': '1'}",
1035621,Hansan,"Bienvenue chez Hansan restaurant traditionnel chinois. Le restaurant Hansan vous propose une cuisine chinoise raffinée. Vous y dégusterez de nombreux plats issus des traditions gastronomiques d’une remarquable diversité aux mille et une saveurs. Parmi nos spécialités : - La cuisine à la vapeur incontournable avec ses raviolis et ses bouchées (Siu Mai) aux crevettes, aux tourteaux et aux langoustines. - Les hors d’œuvres avec ses fameuses gambas en éventail, ses nems aux légumes et ses blancs seiches aux épices. - Les poissons : Turbot, bar, sole avec le savoureux bar au gingembre. - Les viandes : Bœuf, porc, agneau dont certaines sur plaque chauffante comme le filet de bœuf à la sichuanaise. - Les volailles avec entre autre le poulet à la vapeur et sa sauce gingembre, et bien évidement l’incontournable canard laqué, spécialité pékinoise, présenté en deux services : la peau laquée accompagnés de ses petites crêpes de riz et la chair sautée à votre goût.","192 avenue Victor Hugo, 75116 Paris France",€€€€,4.0,94,"{'1': '10', '2': '5', '3': '8', '4': '30', '5': '41'}","Chinoise, Asiatique"
3192111,Brasserie de la Porte Dauphine,,"55 Avenue Bugeaud, 75116 Paris France",€€ - €€€,3.5,17,"{'1': '3', '2': '2', '3': '3', '4': '3', '5': '6'}","Française, Bar, Pub, Européenne"
2363681,L'Italia In Bocca,,"16 rue Gabriel Lame, 75012 Paris France",€€ - €€€,2.5,354,"{'1': '118', '2': '75', '3': '55', '4': '69', '5': '37'}","Italienne, Européenne"
14082799,Artisan de la Truffe Marais,"Artisan de la Truffe est né de la volonté de révéler la truffe autrement et simplement, par une approche accessible, élégante et moderne. Nous partageons aujourd'hui, avec le plus grand nombre, tout le plaisir du diamant noir de la gastronomie sous forme de « petits luxes » abordables et décomplexés. A consommer à la maison grâce à nos produits truffés disponibles du coté épicerie fine, ou sur place tout au long de l'année en partageant un déjeuner ou diner dans notre restaurant bistronomique et intimiste au cœur du Marais. Artisan de la Truffe Marais","19 Rue Rambuteau,, 75004 Paris France",€€ - €€€,4.0,113,"{'1': '8', '2': '4', '3': '7', '4': '30', '5': '64'}","Française, Européenne"
803398,Sushi Mogador,,"30 rue de Mogador, 75009 Paris France",€€ - €€€,3.5,34,"{'1': '2', '2': '6', '3': '4', '4': '17', '5': '5'}","Japonaise, Asiatique, Sushi"
27237868,Le Petit Mozart,,"111 Avenue Mozart, 75016 Paris France",,,0,,
3324483,Minim's,Brasserie de chez Maxim's,"7, rue Royale, 75008 Paris France",€€ - €€€,3.5,141,"{'1': '19', '2': '15', '3': '20', '4': '49', '5': '38'}","Française, Européenne"
15343325,99 Haussmann,"A la fois raffiné et décontracté, le restaurant- Bar 99 Haussmann et sa terrasse est un lieu de vie résolument parisien, un endroit d’échanges et de rencontres. Notre carte bistronomique composée de produits nobles est à déguster seul ou à plusieurs. Découvrez le petit nouveau de notre restaurant 99 Haussmann : le menu du marché ! Rendez-vous tous les midis pour un déjeuner unique repensé comme un parcours de saveurs exceptionnel, signé Charly Salierno.","99 Boulevard Haussmann Hôtel Bowmann, 75008 Paris France",€€€€,4.5,63,"{'1': '2', '2': '3', '3': '0', '4': '5', '5': '53'}","Française, Européenne, Moderne, Brasserie gastronomique"
27177586,Désinvoltes,,"94 Rue du Mont-Cenis, 75018 Paris France",,,0,,"Bar, Pub"
1071288,Quedubon,,"22 rue du Plateau, 75019 Paris France",€€ - €€€,4.0,210,"{'1': '7', '2': '8', '3': '24', '4': '66', '5': '106'}","Française, Européenne"
6523426,A L'endroit,,"9 rue du Tunnel, 75019 Paris France",€€ - €€€,4.5,524,"{'1': '8', '2': '7', '3': '20', '4': '114', '5': '375'}","Française, Européenne"
19639626,"Le Bab, Bar à Brioches","Le premier lieu 100% brioché à Paris! Salées ou sucrées, vous allez forcément trouver brioche à votre goût! Petit déjeuner, déjeuner, goûter, à toute heure dégustez nos délicieuses brioches!","8, rue La Boétie, 75008 Paris France",€,5.0,41,"{'1': '1', '2': '0', '3': '0', '4': '2', '5': '38'}","Française, Saine"
1600072,Brulerie Caumartin Cafe,,"71 rue de Caumartin, 75009 Paris France",€€ - €€€,3.5,189,"{'1': '30', '2': '20', '3': '34', '4': '63', '5': '42'}","Française, Bar, Café, Européenne"
17418130,The Copper Pub,,"4 Impasse de la Gaité, 75014 Paris France",€€ - €€€,4.0,21,"{'1': '4', '2': '1', '3': '2', '4': '3', '5': '11'}",Pub
3571378,Le Saint Augustin,,"114 boulevard Haussmann, 75008 Paris France",€€ - €€€,3.0,406,"{'1': '61', '2': '49', '3': '104', '4': '123', '5': '69'}","Française, Bar, Européenne"
17418234,O'MoKa Bar,,"43 Rue de la Chapelle, 75018 Paris France",€€ - €€€,2.5,3,"{'1': '2', '2': '0', '3': '0', '4': '0', '5': '1'}",
9580209,Bao Bao,,"4 rue Alexandre Dumas, 75011 Paris France",€,4.5,57,"{'1': '1', '2': '0', '3': '2', '4': '25', '5': '29'}","Chinoise, Asiatique"
2687511,Schwartz's Deli,,"22 avenue Niel, 75017 Paris France",€€ - €€€,4.0,355,"{'1': '13', '2': '10', '3': '35', '4': '130', '5': '167'}","Française, Traiteur, Diner"
28524740,Maison De L'étoile,Un restaurant traditionnel tibétain,"59 Avenue De Suffren, 75007 Paris France",€€ - €€€,5.0,4,"{'1': '0', '2': '0', '3': '0', '4': '0', '5': '4'}","Asiatique, Tibétaine"
695198,Bistrot du Sommelier,"Appartenant à Philippe Faure-Brac Meilleur Sommelier du Monde 1992, MOF Honoris Causa 2015, c'est une restaurant dont la spécialité est des menus dégustations Mets & Vins animés par une équipe de sommeliers passionnés.","boulevard Haussmann 97, boulevard Haussmann, 75008 Paris France",€€€€,4.5,308,"{'1': '6', '2': '12', '3': '23', '4': '81', '5': '186'}","Française, Européenne, Brasserie gastronomique"
19746461,La Cabane 47,"La Cabane 47 est un bar-restaurant spécialiste des tigelles et de délicieux cocktails. Pour un déjeuner, apéro ou diner !","47 avenue de la Motte Picquet, 75015 Paris France",€€ - €€€,5.0,48,"{'1': '1', '2': '0', '3': '0', '4': '5', '5': '42'}","Italienne, Bar, Moderne, Bars-restaurants, Française"
27178789,Le Ney Paris,"Découvrez notre restaurant lounge, LE NEY, situé au cœur du 12ème arrondissement de Paris. Notre établissement se compose de deux espaces distincts : un espace restauration offrant des plats faits maison par notre chef, et un espace lounge pour les amateurs de chicha.","308 Rue de Charenton, 75012 Paris France",€€ - €€€,,0,,Française
8858216,Fulgurances L'adresse,,"10 rue Alexandre Dumas, 75011 Paris France",€€ - €€€,4.5,306,"{'1': '6', '2': '9', '3': '31', '4': '60', '5': '200'}","Française, Européenne"
13173550,Les Petits Cons',,"2 rue Coysevox, 75018 Paris France",€€ - €€€,4.5,36,"{'1': '3', '2': '3', '3': '0', '4': '3', '5': '27'}",Française
27189943,Naturalia,,"25 Rue des Sablons, 75116 Paris France",,,0,,
11957099,I Love Bo Bun,,"73 rue de la Victoire, 75009 Paris France",€,4.0,14,"{'1': '0', '2': '2', '3': '1', '4': '3', '5': '8'}","Asiatique, Vietnamienne"
20806420,Domino's Paris 11 - Philippe-auguste,"Fondée en 1960 dans le Michigan, Domino's Pizza est aujourd'hui le leader de la pizza livrée et à emporter. Des recettes incontournables telles que la Cannibale ou la 4 Fromages font aujourd'hui encore, le succès de la marque.","52 Avenue Philippe Auguste, 75011 Paris France",,2.0,3,"{'1': '2', '2': '0', '3': '0', '4': '1', '5': '0'}",
23744833,Bowl,,"62 Rue de la Chaussée d'Antin, 75009 Paris France",,,0,,
5558654,Traiteur Italien Da Piero,,"Proximo a Torre Eiffel 59 Avenue de Suffren, 75007 Paris France",€,4.5,76,"{'1': '1', '2': '3', '3': '6', '4': '12', '5': '54'}",Italienne
25164162,Ipiccoli,,"151 Rue Du Chevaleret, 75013 Paris France",,5.0,4,"{'1': '0', '2': '0', '3': '0', '4': '0', '5': '4'}","Italienne, Française, Italie du Nord, Italie du Centre, Italie du Sud"
1220926,Le Pareloup,,"80 Rue Saint Charles, 75015 Paris France",€€ - €€€,3.5,292,"{'1': '22', '2': '25', '3': '49', '4': '108', '5': '88'}","Française, Européenne"
14133682,Arlette & Colette,,"4 rue de la Jonquière, 75017 Paris France",€€ - €€€,4.5,28,"{'1': '3', '2': '1', '3': '1', '4': '0', '5': '23'}",Française
27274792,Cam Ly,,"83 Rue Du Château-des-rentiers, 75013 Paris France",,,0,,
27304398,Gégé Barbershop,,"68 Rue De La Chaussée-d'antin, 75009 Paris France",,,0,,
6988986,chez basilic,"Restaurant chez basilic est une cuisine raffinee thailandais et parfumee dont la tonalite est donnee par quelques epices et herbes que l'on retrouve dans la plupart des plats.C'est egalement un art de la table, une cuisine saine avec ses magnifiques preparations de fruits et legumes qui offreune diversite de saveurs.","22 rue Mayet, 75006 Paris France",€€ - €€€,4.0,95,"{'1': '4', '2': '2', '3': '6', '4': '43', '5': '40'}","Asiatique, Thaï"
32848498,Papi,,"46 Rue Richer, 75009 Paris France",,,0,,
21255108,Sasi-deux Fastfood,,"24 Rue Du Javelot, 75013 Paris France",,,0,,
8371902,Sakanaya,,"231 rue Championnet, 75018 Paris France",€,4.5,22,"{'1': '1', '2': '0', '3': '2', '4': '7', '5': '12'}","Japonaise, Asiatique"
8707617,Siam City,,"19 Rue Ferdinand Fabre, 75015 Paris France",€€ - €€€,4.5,84,"{'1': '2', '2': '1', '3': '9', '4': '27', '5': '45'}","Asiatique, Thaï"
27172424,Le Rexy,,"9 Rue de la Grande Truanderie, 75001 Paris France",,,0,,"Bar, Pub"
719762,Maxim's,"« Depuis que Paris est mode, depuis que Paris est monde, on me raconte en adresse fatale, maison mythique, légende parmi les légendes, lumière de la grande ville. » C'est au 3 de la rue Royale, quelque part entre la Seine et la Tour Eiffel, que Maxim's renaît et dévoile ce restaurant et bar. Maxim's ressuscite le charme d'une grande maison parisienne, classiques de la gastronomie bourgeoise dans l'assiette.","3 Rue Royale, 75008 Paris France",€€€€,4.0,526,"{'1': '50', '2': '41', '3': '45', '4': '105', '5': '285'}","Française, Européenne"
775212,Chez Prosper,,"7 Avenue Du Trône, 75011 Paris France",€€ - €€€,3.5,1368,"{'1': '114', '2': '127', '3': '225', '4': '554', '5': '348'}",Française
12607688,L'Ecrin,,"10 Place de la Concorde Hôtel de Crillon, 75008 Paris France",€€€€,4.5,128,"{'1': '1', '2': '3', '3': '6', '4': '11', '5': '107'}",Française
24099417,Paris 18,,"47 Rue Championnet, 75018 Paris France",,,0,,"Française, Africaine"
9794981,Chez Foucher Mere & Fille,"Cantine de quartier de qualité et engagée. Ici, tout est fait maison, avec des produits frais essentiellement fermiers, locaux et de saison.","13 rue Madeleine Reberioux, 75018 Paris France",€,4.5,22,"{'1': '0', '2': '2', '3': '0', '4': '7', '5': '13'}",Française
4491884,Le Cochinous,,"28 rue du Faubourg Saint Jacques, 75014 Paris France",€€ - €€€,3.5,11,"{'1': '0', '2': '2', '3': '1', '4': '6', '5': '2'}",Française
3617100,H.Kitchen,,"18 rue Mayet, 75006 Paris France",€€ - €€€,4.5,180,"{'1': '1', '2': '1', '3': '10', '4': '38', '5': '130'}","Française, Européenne"
1917655,Le Canon de la Nation,"Bonjour à tous, Notre établissement vient de changer de gérance (avril 2018) et nous nous ferons un plaisir de vous accueillir prochainement. Vos critiques et vos évaluations seront traitées chaque jour et elles nous permettront de vous satisfaire pleinement. Notre nouvelle carte va être mise en ligne dans les jours qui suivent ainsi que le calendrier de nos différents événements. A très bientôt. L'équipe du Canon de la Nation.","2 Place de la Nation, 75012 Paris France",€€ - €€€,3.5,94,"{'1': '19', '2': '11', '3': '17', '4': '15', '5': '32'}","Française, Bar, Européenne"
9776351,Royal Saint Jacques,,"263 rue Saint Jacques Station Vélib, 75005 Paris France",€€ - €€€,4.0,33,"{'1': '2', '2': '0', '3': '3', '4': '11', '5': '17'}","Française, Bar, Pub"
13970691,Chat Alors,"Brasserie de quartier de 30 couverts où la cheffe fait une cuisine du marché creative renouvellée quotidiennement. Plats à emporter,happy hours et possibilité de privatiser le lieu le soir.","6 rue Baudoin, 75013 Paris France",€,4.5,24,"{'1': '1', '2': '0', '3': '0', '4': '3', '5': '20'}","Française, Saine"
27360430,Nuage Café,,"14 Rue Des Carmes, 75005 Paris France",,,0,,
24099607,En Ti Case La,,"47 Rue Championet, 75018 Paris France",,3.0,1,"{'1': '0', '2': '0', '3': '1', '4': '0', '5': '0'}","Française, Africaine"
12820500,Clasico Argentino,"Clasico Argentino vous propose de goûter à un concept de restauration rapide, convivial, original et typiquement argentin ! Répandu dans toute l’Amérique latine, il associe les deux grands classiques de la tradition culinaire argentine, les empanadas et la glace faite maison – helado, en espagnol.","25 Rue Pierre Demours, 75017 Paris France",€€ - €€€,4.0,19,"{'1': '0', '2': '0', '3': '4', '4': '7', '5': '8'}","Latino, Argentine, Sud-américaine"
28123295,Enjoy Tacos Paris 20,"Bienvenue chez Enjoy Tacos Paris 20, votre destination pour les meilleurs French Tacos débarque sur Paris ! Nous sommes un restaurant halal proposant une variété de spécialités de tacos ultra-gourmands, sur place, à emporter et en livraison Nous proposons également un service de livraison rapide pour vous offrir la possibilité de profiter de nos délicieux tacos où que vous soyez. Venez découvrir pourquoi nous sommes considérés comme le meilleur restaurant de tacos de France et dégustez nos tacos halal en un rien de temps grâce à notre service de fast food.","41 Bis Cr de Vincennes, 75020 Paris France",,,0,,
28144538,Champs Libres - Charenton,,"222 Rue De Charenton, 75012 Paris France",,,0,,
1336782,Le Bellerive,,"71 quai de la Seine, 75019 Paris France",€€ - €€€,3.5,228,"{'1': '15', '2': '19', '3': '38', '4': '97', '5': '59'}","Française, Bar, Café, Européenne"
23637211,Le Clos Nadege,,"47 Rue du Simplon, 75018 Paris France",,,0,,
5494786,Le Bar Fleuri,,"1 Rue du Plateau, 75019 Paris France",€,4.0,56,"{'1': '2', '2': '2', '3': '2', '4': '28', '5': '22'}","Française, Européenne"
7158954,Resto Louvre,,"26 quai du Louvre, 75001 Paris France",€€ - €€€,2.5,98,"{'1': '47', '2': '8', '3': '10', '4': '11', '5': '22'}",
4085598,New-Thai San,,"44 Rue de Torcy, 75018 Paris France",€,3.5,107,"{'1': '10', '2': '7', '3': '19', '4': '41', '5': '30'}","Chinoise, Asiatique, Thaï, Vietnamienne"
4272011,Sushi Shop Paris Poincaré,"Restaurant japonais de référence, Sushi Shop Paris Poincaré Paris Poincaré vous propose une expérience culinaire unique à travers ses créations originales. Des Incontournables revisités avec des ingrédients frais et de qualité : Sushi, California, Maki, Spring et Sashimi, que vous pouvez aussi retrouver réunis dans nos Sushi Boxes et Plateaux Sushi. Dégustez également nos Poke Bowl, Ramen, Yakitori et Gyoza tout au long de l'année. Retrouvez l'ensemble de nos créations originales en livraison, à emporter ou à déguster sur place","90 Avenue Raymond Poincaré, 75016 Paris France",€€ - €€€,3.5,28,"{'1': '6', '2': '4', '3': '4', '4': '3', '5': '11'}","Japonaise, Sushi, Asiatique"
719214,LE PETIT PRINCE DE PARIS,"Situé dans l’historique « Quartier latin », à deux pas du Panthéon et sur l’emplacement des anciens thermes gallo-romains, « Le Petit Prince de Paris » était une ancienne taverne en 1450, Transformé en hôtel particulier, il deviendra en 1976 le restaurant emblématique du Tout Paris. Depuis, Le Petit Prince de Paris n’a pas failli à sa réputation de table incontournable et a fait sienne la devise des gastronomes édité par Bernard Saw "" Il n'y a pas d'amour plus sincère que celui de la bonne chère"". Ce restaurant traditionnel parisien ouvert tous les soirs de 19 h 30 jusqu'à minuit invite à découvrir, dans un décor cois et chaleureux une carte raffinée et familiale prête à séduire le palais de tous, dans un excellent rapport qualité prix. Sa carte élaborée uniquement à base de produits frais offre un subtil mélange entre la cuisine française traditionnelle et les différentes saveurs du monde. Privatisable chaque midi de la semaine et du week end pour des réceptions à partir de 40 personnes, Le petit prince de paris rivalise de créativité pour faire de vos événements un moment d'exception ! Voici donc une invitation à découvrir ou redécouvrir cette adresse au cadre typique du vieux Paris et à l’authenticité chaleureuse.","12, Rue de Lanneau 12, Rue de Lanneau, 75005 Paris France",€€ - €€€,4.0,1103,"{'1': '60', '2': '69', '3': '103', '4': '352', '5': '519'}","Française, Européenne"
11956728,Cafe Lamartine,,"182 avenue Victor Hugo, 75116 Paris France",€€ - €€€,3.5,30,"{'1': '6', '2': '2', '3': '4', '4': '11', '5': '7'}",Française
7230463,BOULANGERIE PATISSERIE RESTAURATION LE P TIT CHEZERY,,"2 Avenue Marechal Leclerc, 01200 Paris France",,3.0,5,"{'1': '1', '2': '0', '3': '2', '4': '1', '5': '1'}","Française, Traiteur"
27195337,Edo Sushi,,"210 Rue De Charenton, 75012 Paris France",,,0,,Sushi
26875259,Frnji,,"60 rue Gay-Lusssac, 75005 Paris France",,4.0,4,"{'1': '1', '2': '0', '3': '0', '4': '0', '5': '3'}","Libanaise, Méditerranéenne"
28027480,Mama La Grillade,,"78 Avenue De Flandre, 75019 Paris France",,5.0,1,"{'1': '0', '2': '0', '3': '0', '4': '0', '5': '1'}",Algérien
23428658,Abstinence,,"47 Avenue de la Motte Piquet, 75015 Paris France",€€ - €€€,3.5,84,"{'1': '14', '2': '15', '3': '12', '4': '12', '5': '31'}","Française, Internationale, Bar à vins"
27273265,Café Baby Foot,,"137 Boulevard Saint-michel, 75005 Paris France",,,0,,
7349970,Boulangerie Ricquier,,"28 rue des Sablons, 75116 Paris France",,4.0,6,"{'1': '0', '2': '0', '3': '2', '4': '2', '5': '2'}",Française
10346869,Le Pub Gaite,,"10 B rue de la Gaite, 75014 Paris France",€,3.0,37,"{'1': '13', '2': '1', '3': '5', '4': '6', '5': '13'}","Française, Bar"
1078172,pain de sucre,,"14 rue Rambuteau, 75003 Paris France",€€ - €€€,4.0,236,"{'1': '9', '2': '20', '3': '15', '4': '65', '5': '127'}","Européenne, Française"
15058024,COJEAN TRINITÉ,"Découvrez Cojean Trinité, votre bar à salade et restaurant healthy situé à Paris 9 qui propose des salades, sandwichs et plats chauds, végétariens, végans ou carnés, cuisinés à partir de produits frais et de qualité. Dégustez son café 100% bio, thé bio, soupes à base de légumes ou de bouillon, et jus de fruits et légumes mixés minute. À consommer sur place, à emporter ou en livraison. Créé en 2001, Cojean est une enseigne française de restauration rapide healthy et coffee shop, reconnue pour la qualité de ses produits et de son service. Depuis 2019, le label B Corp récompense ses engagements.","55 Rue De Châteaudun, 75009 Paris France",€€ - €€€,4.0,5,"{'1': '1', '2': '0', '3': '0', '4': '0', '5': '4'}","Française, Restauration rapide, Européenne, Saine, Café"
6702590,Le Sap Heure,,"1 Place Jacques Froment, 75018 Paris France",€€ - €€€,4.5,26,"{'1': '1', '2': '0', '3': '2', '4': '6', '5': '17'}","Française, Bar, Pub"
23742199,Okaya Sushi,,"39 Rue Jean de la Fontaine, 75016 Paris France",,,0,,
2399942,Aiyara,,"9 Rue de la Gaité, 75014 Paris France",€€ - €€€,4.0,174,"{'1': '9', '2': '5', '3': '19', '4': '81', '5': '60'}","Asiatique, Thaï"
5778341,Fenêtre sur Cour,"Ancienne boulangerie, le Pain du Chai est un restaurant en constante évolution qui vous propose du mardi au samedi soir les différents burgers qui ont fait notre succès, le Burger du Chef, le Chicken Burger et le Veggie Burger. Viande charolaise exclusivement, pains des burgers faits maison chaque soir, et frites à volonté pour tous !","10 Rue Gabriel Lame, 75012 Paris France",€€ - €€€,4.5,524,"{'1': '16', '2': '23', '3': '44', '4': '172', '5': '269'}","Française, Américaine, Européenne, Diner, Bars-restaurants"
13139047,Welcome India,,"9 B boulevard du Montparnasse, 75006 Paris France",€€ - €€€,4.0,20,"{'1': '2', '2': '0', '3': '3', '4': '6', '5': '9'}","Indienne, Asiatique"
4784355,Tokki restaurant,,"10 rue de la Boule Rouge, 75009 Paris France",€€ - €€€,4.5,35,"{'1': '0', '2': '0', '3': '2', '4': '17', '5': '16'}","Asiatique, Fusion"
26554648,Le Bar Oé,"Le Bar Oé, c’est un Bar à vins bio. Cocoon, comme à la maison où déguster de bonnes planches de fromages, légumes grillés, croques-monsieur et tartinables. C’est aussi un lieu de rencontres ouvert à tous avec des événements qui soutiennent l’écologie et sensibilisent aux enjeux de demain","9 rue Ginoux, 75015 Paris France",€€ - €€€,5.0,5,"{'1': '0', '2': '0', '3': '0', '4': '0', '5': '5'}","Bar, Pub"
3914248,Le pretexte,,"111 rue de Tolbiac 75013, 75013 Paris France",€€ - €€€,4.0,340,"{'1': '18', '2': '31', '3': '25', '4': '147', '5': '119'}","Française, Bar, Européenne"
3532984,Le Pub St Hilaire,,"2 Rue Valette, 75005 Paris France",€,4.0,100,"{'1': '11', '2': '6', '3': '3', '4': '31', '5': '49'}","Bar, Pub"
6437811,La Tour de Nesle,"Bienvenue à La Tour de Nesle, la brasserie pleine de charme dans le 15e arrondissement de Paris, à deux pas des Invalides et de la Tour Eiffel ! Plongez dans l'ambiance décontractée de notre restaurant, où les plats traditionnels français côtoient des tapas délicieusement créatives","114 Rue de Sèvres, 75015 Paris France",€€ - €€€,3.5,116,"{'1': '17', '2': '8', '3': '14', '4': '38', '5': '39'}","Française, Bar, Européenne"
27525461,Passion Café,Coffee shop de café de spécialité à Paris Un menu évolutif et qui change au fil des saisons. Des produits locaux. Fait sur place et maison. Des formules pour tous les profils,"46, Rue Damrémont, 75018 Paris France",€€ - €€€,,0,,"Café, Restauration rapide, Saine"
14236400,BO-Bun 2 GO,,"83 rue du Château-des-Rentiers, 75013 Paris France",€,4.5,30,"{'1': '1', '2': '0', '3': '4', '4': '6', '5': '19'}","Asiatique, Vietnamienne"
16868492,Mamie par Jean Imbert,,"35 B rue Jean de la Fontaine, 75016 Paris France",€€ - €€€,3.5,100,"{'1': '20', '2': '15', '3': '15', '4': '18', '5': '32'}",Française
27367759,Boulanger Patissier,,"5 Place Pinel, 75013 Paris France",,5.0,1,"{'1': '0', '2': '0', '3': '0', '4': '0', '5': '1'}",
1062900,Orchid Thai,,"10 Cours de Vincennes, 75012 Paris France",€€ - €€€,4.0,174,"{'1': '5', '2': '4', '3': '21', '4': '62', '5': '82'}","Asiatique, Thaï"
12598181,Fondue ChongQing 天赐重庆火锅,,"145 Avenue Daumesnil, 75012 Paris France",€€ - €€€,4.0,68,"{'1': '5', '2': '6', '3': '9', '4': '12', '5': '36'}","Chinoise, Asiatique"
27390466,Boulangerie Basil,,"12 Rue François Millet, 75016 Paris France",,,0,,
19925437,Gul,,"228 boulevard Voltaire, 75011 Paris France",,3.0,2,"{'1': '0', '2': '1', '3': '0', '4': '1', '5': '0'}","Turque, Europe de l'Est, Arménienne"
13818445,Bonheur d’Asie Paris,,"50, rue Glacière, 75013 Paris France",,3.0,2,"{'1': '1', '2': '0', '3': '0', '4': '0', '5': '1'}",Asiatique
23861142,Poke Me Bobigny,,"20 Avenue Henri Barbusse, 75005 Paris France",,,0,,Hawaïenne
19694689,Hélou - Sushi House Scandinave,"Nous vous proposons une cuisine saine et (très) gourmande à base de produits frais de saison majoritairement bios et locaux ! Petit déjeuner, brunch, déjeuner ou goûter vous êtes les bienvenus à toute heure :) Et nous avons aussi une salle de sieste avec un hamac ;)","33 rue de la Villette, 75019 Paris France",€€ - €€€,4.5,12,"{'1': '1', '2': '0', '3': '0', '4': '0', '5': '11'}","Japonaise, Diner"
12713935,Hammam Pacha,"Hammam Pacha la référence des hammams depuis plus de 34 ans ! “Ouvrez les portes du bien-être” Sur près de 700 m² au cœur du 6ème arrondissement de Paris Ouvert 7 jours sur 7, y compris les jours fériés* Sans rendez-vous Exclusivement réservé aux femmes.","17 rue Mayet, 75006 Paris France",€€ - €€€,4.5,31,"{'1': '2', '2': '0', '3': '0', '4': '3', '5': '26'}","Marocaine, Méditerranéenne"
10285734,Indiana Café - Bercy Village,"Indiana Café - Bercy Village est un restaurant américain et un bar à cocktails à Paris 12. Situé à deux pas de l'Accor Arena, au Cour Saint-Emilion, notre restaurant en service continu vous propose un large choix de burgers, de tapas et de cocktails en happy hour pour le plus grand plaisir de vos papilles. Nous avons également des options pour les végétariens. Et pour les plus gourmands, ne manquez pas notre brunch tous les dimanches. Enjoy !","59-61 Cour Saint-emilion, 75012 Paris France",€€ - €€€,3.5,429,"{'1': '89', '2': '51', '3': '66', '4': '74', '5': '149'}","Mexicaine, Américaine, Bar, Bars-restaurants"
21120313,Nefis,,"67 Rue Nationale, 75013 Paris France",€€ - €€€,4.0,41,"{'1': '3', '2': '6', '3': '2', '4': '7', '5': '23'}","Turque, Moyen-Orient"
15111459,Lenôtre Victor Hugo,,"48 Avenue Victor Hugo, 76016 Paris France",€€€€,3.5,14,"{'1': '2', '2': '3', '3': '3', '4': '1', '5': '5'}","Française, Café, Moderne"
8068488,Paradis de Sushi,,"77 quai de la Seine, 75019 Paris France",€€ - €€€,3.5,44,"{'1': '7', '2': '1', '3': '5', '4': '23', '5': '8'}","Japonaise, Sushi, Asiatique"
27314749,Nicolas,,"75bis Rue Monge, 75005 Paris France",,,0,,Bar à vins
6820939,Ma Cachette,"Bienvenue dans ce repaire de quartier à l'ambiance détendue et chaleureuse. Les produits frais du marché y sont préparés dans le respect des saisons et le savoir-faire se retrouve jusque dans la mayonnaise et la chantilly maison. Au petit-déjeuner, café, croissant, jus de fruits frais pressés... et une surprenante atmosphère familiale. Au déjeuner, plusieurs options entre la carte ou un menu qui change chaque jour (entrée-plat /plat-dessert à 19€ ou entrée-plat-dessert à 24€). En après-midi, une terrasse ensoleillée qui vous acceuille en toute tranquillité. En soirée, un apéro bien mérité ou un dîner dans un cadre cosy aux lumières tamisées. Pourquoi la Cachette ? Une petite halte de bon goût, nichée secrètement à proximité des jardins du Luxembourg, qui revendique quiétude et chaleur humaine.","8 rue des Chartreux, 75006 Paris France",€€ - €€€,4.5,49,"{'1': '1', '2': '2', '3': '3', '4': '18', '5': '25'}","Française, Européenne"
26789398,L'éphémère,,"226 Avenue du Maine, 75014 Paris France",,2.0,1,"{'1': '0', '2': '1', '3': '0', '4': '0', '5': '0'}",Italienne
2622821,Le Vin Sobre,,"25 rue des Feuillantines, 75005 Paris France",€€ - €€€,4.5,183,"{'1': '6', '2': '7', '3': '20', '4': '48', '5': '102'}","Française, Européenne, Bar à vins"
27193995,Delitaly,,"15 Rue Rambuteau, 75004 Paris France",,,0,,Italienne
27717877,Boulangerie Milligramme,,"5 Rue Du Plateau, 75019 Paris France",,4.5,2,"{'1': '0', '2': '0', '3': '0', '4': '1', '5': '1'}",
24059809,Le Jado,"Le Goût de l'expérience Une soirée réussie ? – Nos plats sont fraîchement préparés dans une ambiance accueillante. Profitez de douces soirées dans notre salle au décors unique. Notre espace est climatisé – vous serez toujours à l’aise chez nous. Restaurant avec carte de menu variée Choisissez parmi nos plats variés et traditionnels et laissez-vous conquérir. Notre excellente cuisine gourmande réserve de belles surprises, même à nos clients les plus exigeants. Nous vous recommanderons la meilleur boisson alcoolisée assortie a votre plat. Vous aimerez aussi notre assortiment de burgers prisé. Nos desserts et notre tiramisu vous séduiront pour le goûter. Venez savourer un brunch délicieux, un déjeuner ou un dîner chez nous !","2 rue de Sfax, 75116 Paris France",€€ - €€€,3.0,2,"{'1': '0', '2': '1', '3': '0', '4': '1', '5': '0'}","Française, Libanaise, Internationale, Méditerranéenne, Barbecue/Grillades, Fusion, Saine"
28047494,Le Thé,,"8 Rue De L'oratoire, 75001 Paris France",,,0,,Asiatique
784439,Le Plomb du Cantal,,"3 rue de la Gaite, 75014 Paris France",€€ - €€€,4.0,2171,"{'1': '107', '2': '121', '3': '280', '4': '966', '5': '697'}","Française, Européenne"
6527615,Chez Nelly,,"39 Rue Jean de la Fontaine, 75016 Paris France",€,4.5,29,"{'1': '0', '2': '0', '3': '3', '4': '9', '5': '17'}",Asiatique
19601048,Libertino,"Bienvenue chez Libertino, l'adresse italienne des amoureux de la pizza napolitaine et de la délicieuse pasta à Paris. C'est rue Paradis, dans le dixième arrondissement de la capitale que l'on vous accueille dans notre restaurant italien à la carte sexy. Antipasti, burrata à gogo, pâtes à la truffe et pizza margherita selon la recette secrète de la grand-mère du chef... Libertino fait honneur aux bons petits plats italiens et vous invite dans un cadre aussi mystérieux que funky. Un rendez-vous inattendu en Vénétie. L'avantage de la maison, c'est qu'on a toujours du tiramisu pour vous et que le four à pizza ne s'arrête jamais de tourner - le meilleur de l'Italie s'est installé dans cette petite rue de Paris et vous n'êtes pas près d'oublier votre repas.","44 Rue de Paradis, 75010 Paris France",€€ - €€€,4.0,520,"{'1': '40', '2': '32', '3': '43', '4': '92', '5': '313'}","Italienne, Romana, Latium, Italie du Centre"
6874861,Pizza Hut,"Dégustez le goût authentique de la véritable pizza Américaine chez Pizza Hut ! Depuis plus de 60 ans, nous servons à nos clients de délicieuses pizzas. Vous trouverez au menu un large choix de pizzas ainsi que des sides, desserts, boissons et autres spécialités. Envie de créer votre propre pizza ? C'est possible chez Pizza Hut ! Chez Pizza Hut nous avons à cœur de satisfaire toutes vos envies c'est pourquoi nous proposons un large choix de produits végétariens ou épicés. Commandez nos pizzas à emporter ou en livraison en ligne ou directement dans un de nos Huts.","45 Rue De La Fontaine, 75016 Paris France",,2.0,2,"{'1': '1', '2': '0', '3': '1', '4': '0', '5': '0'}",Pizza
21342584,Maison Forest,,"38 rue des Ecoles, 75005 Paris France",€€ - €€€,4.0,4,"{'1': '0', '2': '1', '3': '0', '4': '1', '5': '2'}","Française, Bar à bières, Café, Restauration rapide, Pub, Bar à vins"
23792009,Bistro Championnet,"Stéphane et son équipe vous ouvrent les portes du Bistro Championnet. Dans un décor typiquement parisien dégusté un café bio en terrasse, un plat du jour au déjeuner, un happy hour entre amis suivi d'une dégustation pour le dîner. Une cuisine traditionnelle faite maison avec des produits de saison. La promesse d'un moment de partage autour d'une passion commune.","90 Avenue De Saint-Ouen, 75018 Paris France",€€ - €€€,5.0,66,"{'1': '1', '2': '1', '3': '0', '4': '3', '5': '61'}","Française, Bar, Européenne, Pub, Saine"
3937126,Un Village en Corse,,"38 allee Vivaldi, 75012 Paris France",€€ - €€€,3.5,38,"{'1': '2', '2': '7', '3': '5', '4': '14', '5': '10'}",Française
25044871,Baja,"""Restaurant élégant et branché proposant des brunchs et des plats créatifs bien présentés, à base d'ingrédients du monde entier, servis dans une salle chaleureuse avec une terrasse.""","34 Allé De Vivaldi, 75012 Paris France",€€ - €€€,4.5,29,"{'1': '3', '2': '0', '3': '3', '4': '2', '5': '21'}","Française, Américaine, Canadienne, Caucasienne, Algérien"
8841614,L’oratoire,,"143 rue Saint Honore, 75001 Paris France",€€ - €€€,4.0,26,"{'1': '5', '2': '0', '3': '1', '4': '7', '5': '13'}","Française, Européenne"
4424429,B Cuisine,"Le meilleur de la gastronomie libanaise à Paris. A deux pas du boulevard Arago, venez déguster salades, chawarmas et mezzés, sur place ou à emporter.","34 Rue De La Glacière, 75013 Paris France",€,4.0,34,"{'1': '1', '2': '1', '3': '5', '4': '16', '5': '11'}",Libanaise
25009551,La Halte,,"130 Boulevard Vincent Auriol, 75013 Paris France",,4.5,6,"{'1': '0', '2': '0', '3': '1', '4': '1', '5': '4'}","Française, Européenne, Bars-restaurants"
13972782,Boulangerie Cousin,,"12 rue Francois Millet, 75016 Paris France",,5.0,2,"{'1': '0', '2': '0', '3': '0', '4': '0', '5': '2'}","Française, Restauration rapide"
1024651,chez alexandre,,"16 rue du Louvre, 75001 Paris France",€€ - €€€,4.0,281,"{'1': '20', '2': '11', '3': '22', '4': '96', '5': '132'}","Pizza, Méditerranéenne, Européenne, Grecque"
14201022,Crêperie La Belle Bio,"Petite crêperie s'efforçant d'utiliser principalement des ingrédients bio pour réaliser de délicieuses galettes de sarrasin (sans gluten) et crêpes aux garnitures faites maison à des prix raisonnables, dans un cadre et une ambiance sympathiques.","49 rue de Paradis, 75010 Paris France",€€ - €€€,4.5,17,"{'1': '0', '2': '1', '3': '1', '4': '4', '5': '11'}",Française
24069525,Bonhomme,"Bonhomme c'est l'histoire de 3 copains, amoureux des bons produits, du terroir et de la convivialité que l'on retrouve autour d'un bon repas, au 58 rue du Faubourg Poissonnière, paris 10. La carte de ce restaurant est donc une vitrine du terroir français entre simplicité du brut et créations contemporaines. Vous dégusterez ici une cuisine bistronomique élaborée au gré des saisons et des inspirations et dont le seul objectif est la création d'un lien entre les épicuriens attablés et les producteurs passionnés avec lesquels nous avons décidé de travailler. Sans oublier, la carte des vins.","58 Rue du Faubourg Poissonnière, 75010 Paris France",€€ - €€€,4.5,115,"{'1': '1', '2': '2', '3': '5', '4': '9', '5': '98'}","Française, Saine, Moderne, Brasserie gastronomique"
3307867,Creperie Gaité,"Bières, vins, tapas, hamburgers, salades, spécialités auvergnates.","3 rue de la Gaité 3 Rue de la Gaite, 75014 Paris France",€€ - €€€,4.0,108,"{'1': '3', '2': '6', '3': '15', '4': '47', '5': '37'}","Française, Bar à bières, Européenne, Pub"
8754553,Picto - Sandwicherie Artisanale,"Matthieu et Guillaume ont grandi dans le Poitou avec le goût des produits de la ferme. D'où le choix de « Picto », un nom simple qui fait référence à la tribu des pictaves, les ancêtres des habitants de Poitiers. Venez déjeuner à Grands Boulevards dans leur sandwicherie eco-responsable. Les meilleurs sandwichs de Paris Nos engagements : •des sandwiches faits minute à partir de produits frais cuisinés maison •des fournisseurs artisans sélectionnés pour leur savoir-faire •des fruits et légumes de saison issus de l'agriculture raisonnée •des repas accessibles à tous et servis avec le sourire","159 Rue Montmartre, 75002 Paris France",€,4.0,112,"{'1': '9', '2': '3', '3': '7', '4': '31', '5': '62'}",Française
1322582,Zig Zag Caffé,"La nouvelle équipe du Zig Zag vous propose des produits sélectionnés avec une grande attention pour donner du plaisir à vos papilles. La charcuterie et le fromage viennent directement de notre producteur italien, les lasagnes sont faites maison, les frites fraîches etc (gardons un peu de surprise pour votre visite). Hâte de vous servir !","32 rue des Carmes, 75005 Paris France",€€ - €€€,3.5,91,"{'1': '15', '2': '5', '3': '10', '4': '40', '5': '21'}","Italienne, Bar, Moderne"
29789208,"Le Klink Paris, Bar À Cocktails",,"20 Rue Saulnier, 75009 Paris France",,,0,,"Bar, Pub, Bars-restaurants"
4348354,Au Chien Qui Fume,"Situé à deux pas de la Tour Montparnasse, avec vue imprenable sur la Tour Eiffel, « Au Chien Qui Fume » est devenu depuis 1930 le rendez-vous incontournable de la tradition des brasseries parisiennes, ancré dans un style art déco atypique. Fréquenté par une clientèle cosmopolite, composée de touristes curieux en quête de découverte gustative et des fidèles riverains du quartier attachés aux valeurs culinaires traditionnelles, ce lieu mythique propose une carte du jour riche et variée, soigneusement concoctée par le talentueux chef et son équipe. Au menu : Un délice fondant d'authenticité accompagné d'un accueil chaleureux, suivie d'une assiette composée d'un succulent rapport qualité prix, le tout saupoudré de formules adaptées en service continu à toute heure de la journée, valables pour petits et grands, 7J/7, dimanche et jours fériés inclus. En vous souhaitant bon appétit, bienvenue « Au Chien Qui Fume » !","19 Boulevard Du Montparnasse, 75006 Paris France",€€ - €€€,4.0,213,"{'1': '14', '2': '15', '3': '33', '4': '69', '5': '83'}","Française, Bar, Européenne"
27855136,Boulangerie Pâtisserie Teillet,,"66 Rue Monge, 75005 Paris France",,,0,,
29009167,Double Tranche,"OUVERTURE TRÈS BIENTÔT Double tranche, c'est ton nouveau spot à , à Paris 10. Et c'est par amour du ""bon sandwich"", qu'on a décidé d'ouvrir notre restaurant : Une sandwicherie où l'on sert des produits frais, des recettes originales faites maison, sans lésiner sur la gourmandise. On te prépare aussi de petits desserts faits maison et une sélection de boissons artisanales et françaises ! La carte est de saison et changera régulièrement. Ton nouveau QG on l'espère ! Hâte de te régaler, Étienne et Olivia","55 Rue De Paradis, 75010 Paris France",,,0,,Américaine
27463859,Happylemon,,"15 Rue De La Grande Truanderie, 75001 Paris France",,,0,,
7200295,Le 16e Sens,"Restaurant Russe et Nordiques, Epicerie fine ,Bar a Vodka Parmi nous spécialité :SAUMON FUME ET MARINE(blini et crème fraiche) :UNE DIZAINE DE SORTE DE HARENS (aneth,curry,moutarde,sherry,madére,matjès,rollmops...) :LE KOULIBIAC ET SA POMME DE TERRE TIEDE :LE BOEUF STROGONOFF PLUS DE 70 VODKA A DEGUSTER SUR PLACE OU A EMPORTER","3 Rue Gustave Courbet, 75116 Paris France",€€ - €€€,4.0,49,"{'1': '3', '2': '5', '3': '2', '4': '6', '5': '33'}",
12322841,Marche Ou Crepe,,"18 Rue Des Haies, 75020 Paris France",€,5.0,380,"{'1': '1', '2': '3', '3': '8', '4': '34', '5': '334'}","Française, Européenne"
12361938,Baci,Trattoria familiale depuis 1986,"189 Rue de la Pompe, 75116 Paris France",€,4.5,34,"{'1': '2', '2': '2', '3': '2', '4': '3', '5': '25'}",Italienne
27201237,Nicolas,,"88 Avenue De Suffren, 75015 Paris France",,,0,,Bar à vins
8520170,Le Fournil de Paris,"LE FOURNIL DE PARIS est le leader indépendant en produits de boulangerie en Ile-de-France.Notre slogan ""Essayez pour le prix, vous reviendrez pour le goût"", représente notre politique, à savoir : Travailler et développer au quotidien la qualité de nos produits avec des prix toujours plus attractifs…","205 boulevard Voltaire Boulets, 75011 Paris France",€,4.5,4,"{'1': '0', '2': '0', '3': '1', '4': '0', '5': '3'}",
8595927,Pepone Pizza,,"92 94 Avenue De Saint Ouen, 75018 Paris France",€€ - €€€,3.5,21,"{'1': '3', '2': '3', '3': '5', '4': '4', '5': '6'}",Italienne
17706060,Nouilles et Gaité,,"10 Rue de la Gaité, 75014 Paris France",€€ - €€€,4.5,27,"{'1': '0', '2': '0', '3': '1', '4': '11', '5': '15'}","Chinoise, Asiatique, Thaï, Vietnamienne"
27845870,L'éphémère,,"228 Avenue Du Maine, 75014 Paris France",,,0,,
3483362,Sushi Yuki,,"20 rue Baron le Roy, 75012 Paris France",€€ - €€€,3.5,156,"{'1': '15', '2': '15', '3': '24', '4': '72', '5': '30'}","Japonaise, Sushi, Asiatique"
15758468,Coeur de Baker,,"60 rue Gay Lussac, 75005 Paris France",€,4.5,10,"{'1': '0', '2': '1', '3': '1', '4': '1', '5': '7'}","Française, Café, Restauration rapide"
1222672,Le piquet,,"48 avenue de la Motte Picquet, 75015 Paris France",€€ - €€€,4.0,360,"{'1': '43', '2': '15', '3': '26', '4': '160', '5': '116'}","Française, Bar, Européenne"
2214721,Pasta et Basta,"Nous sommes un restaurant Italien situé en plein coeur du quartier chinois du 13ème arrondissement de Paris. Cuisine familiale qui ravira les amateurs de plats italiens traditionnels et de bons vins de toute la péninsule (quelques 250 références à la carte...). Déjeuner le midi du lundi au vendredi, dîner les jeudi et vendredi soir, venez nous rendre visite, seul ou accompagné, entre collègues pour un déjeuner de travail, un dîner en couple ou entre amis ! Nous sommes animaux friendly !","103 Rue de Tolbiac Accès depuis la rue de Tolbiac via escaliers/escalators, 75013 Paris France",€€ - €€€,4.5,110,"{'1': '1', '2': '2', '3': '4', '4': '18', '5': '85'}","Italienne, Méditerranéenne"
32731952,Fusion Latina,,"234 Rue Championnet, 75018 Paris France",,,0,,
21021927,Restaurant,,"58 rue de Torcy, 75018 Paris France",,,0,,Asiatique
13810017,Le P’Tit Carlat,,"83 Rue de la Victoire, 75009 Paris France",€€ - €€€,4.5,46,"{'1': '2', '2': '1', '3': '0', '4': '2', '5': '41'}","Française, Américaine, Asiatique"
27328088,Ornano Pizza & Burger,,"41 Boulevard Ornano, 75018 Paris France",,,0,,Pizza
27903600,O'royal,,"7bis Rue Riquet, 75019 Paris France",,,0,,Américaine
8644032,Coffee Club,,"87 rue d Assas, 75006 Paris France",€€ - €€€,4.0,210,"{'1': '22', '2': '16', '3': '29', '4': '45', '5': '98'}",Américaine
27273671,Naturalia,,"9 Rue Dupleix, 75015 Paris France",,,0,,
2718440,La Chope,,"73 Rue Guy Môquet, 75017 Paris France",€€ - €€€,3.5,111,"{'1': '16', '2': '17', '3': '17', '4': '40', '5': '21'}",Française
27215343,Almaz Chicha,,"30 Rue De Lagny, 75020 Paris France",,,0,,
5928142,DS Café,"Restaurant/Salon de thé contemporain ou l'on peux déjeuner à toute heure de la journée 7/7 jours une cuisine à la fois Healthy et gourmande,Salades, bagels, tartines, et nos pâtisseries maisons sans oublier nos cocktails de fruits ou légumes pressés. Brunch le dimanche de 12 h à 18 h","25 Avenue Niel, 75017 Paris France",€€ - €€€,3.5,104,"{'1': '11', '2': '11', '3': '12', '4': '37', '5': '33'}","Française, Américaine"
32843057,Bistrot Minim's,,"7 Rue Royale, 75008 Paris France",,,0,,Française
1324538,Toda l'Akel,,"169 rue de Crimee, 75019 Paris France",€,3.0,8,"{'1': '2', '2': '0', '3': '2', '4': '4', '5': '0'}","Italienne, Pizza"
25193093,Nobless Lunch,,"105 Rue Des Poissonniers, 75018 Paris France",,,0,,Africaine
2332954,Laouz Saint Honore,"ORIENTAL CHIC - La pâtisserie, salon de thé et restaurant oriental Laouz, situé dans le 1er arrondissement de Paris, vous ouvre ses portes pour vous accueillir dans un cadre charmant et dans une ambiance intimiste en plein cœur d’un immeuble parisien. Vous apprécierez la décoration chic et orientale de la salle.

PARFUM D´ORIENT - Vous dégusterez une cuisine orientale aux mille saveurs qui saura ravir vos papilles délicates ! Le Chef vous régalera avec ses tajines, ses pastillas et son couscous d’exception. Et, cerise sur la gâteau pour les gourmands, plus de 200 desserts (vous avez bien lu !) s’offrent à vous !

MILLE ET UNE NUIT - Une adresse au charme indéniable qui réunit tous les ingrédients pour un repas réussi !","136 rue Saint Honore 136, rue Saint Honore, 75001 Paris France",€€ - €€€,3.5,134,"{'1': '26', '2': '11', '3': '16', '4': '32', '5': '49'}","Méditerranéenne, Moyen-Orient, Algérien"
7295005,Café Gaité,,"10 rue de la gaité, 75014 Paris France",€€ - €€€,3.0,372,"{'1': '85', '2': '28', '3': '62', '4': '107', '5': '90'}","Française, Bar, Café, Européenne"
4409941,L'Ecir,"L'Ecir, la nouvelle brasserie du 14 eme, vous accueille dans un nouveau cadre, tous les jours de 06:45 a 00:00!","59 boulevard Saint Jacques, 75014 Paris France",€€ - €€€,4.0,249,"{'1': '22', '2': '14', '3': '18', '4': '108', '5': '87'}","Française, Bar, Européenne"
27353780,Chicken Street Paris 18,,"52 rue de la Chapelle, 75018 Paris France",,,0,,
10298711,La Cevicheria,,"16 Avenue Niel, 75017 Paris France",€€ - €€€,3.5,156,"{'1': '21', '2': '15', '3': '39', '4': '44', '5': '37'}","Péruvienne, Latino, Fruits de mer et poisson"
12682862,Lenouvô Cosmos,,"101-103, Rue de Tolbiac Dalle des Olympiades, 75013 Paris France",,4.0,7,"{'1': '1', '2': '0', '3': '0', '4': '4', '5': '2'}","Bar, Pub"
15673870,Comme La Coree,,"114 Rue de Sèvres, 75015 Paris France",€€ - €€€,5.0,26,"{'1': '0', '2': '0', '3': '0', '4': '3', '5': '23'}","Asiatique, Coréenne"
27865372,Fromagerie Chambi,,"81 Avenue De Saint-ouen, 75017 Paris France",,,0,,
29185369,Burger King,"Fondée en 1954 à Miami, BURGER KING® est aujourd'hui la 2e chaîne de burger au monde. Son succès repose sur un concept unique et un produit mythique, le WHOPPER®.","286 Rue De Vaugirard, 75015 Paris France",,,0,,
23041845,Ilios,,"4bis Rue De Chateaudun, 75009 Paris France",,5.0,2,"{'1': '0', '2': '0', '3': '0', '4': '0', '5': '2'}",Grecque
26232909,Café Vert - Printemps Nation,,"21-25 Cours De Vincennes, 75020 Paris France",,,0,,
23985251,Banh Mi 88,,"88 Avenue d Ivry, 75013 Paris France",,3.5,4,"{'1': '0', '2': '1', '3': '2', '4': '0', '5': '1'}",Vietnamienne
719791,Nouveau Village Tao-Tao,,"159 boulevard Vincent Auriol, 75013 Paris France",€€ - €€€,3.5,319,"{'1': '32', '2': '46', '3': '51', '4': '116', '5': '74'}","Chinoise, Asiatique, Vietnamienne, Thaï"
13094092,Le Danube Bleu,,"47 rue de Trevise, 75009 Paris France",€€ - €€€,4.0,29,"{'1': '2', '2': '0', '3': '5', '4': '5', '5': '17'}","Française, Méditerranéenne"
7304454,La Tour de Flandre,,"84 avenue de Flandre, 75019 Paris France",€,4.0,66,"{'1': '6', '2': '1', '3': '3', '4': '18', '5': '38'}","Italienne, Pizza, Européenne"
4436496,Té Créateur d'Instant,"Créé pour l’Exposition Universelle 1900, le Pavillon Élysée jouit d’une situation exceptionnelle : en bas des Champs-Élysées, face au Grand Palais. Ce lieu prestigieux allie le cachet historique d’une élégante architecture fin XIXème à une décoration contemporaine. Écrin végétal au cœur de la capitale, le Pavillon Élysée dispose de salons modulables baignés de lumière naturelle permettant d’accueillir événements professionnels et réceptions privées. Le Pavillon Élysée propose une vision moderne du luxe : une ambiance singulière, empreinte d’élégance et de convivialité. Ce site d’exception a rouvert ses portes en septembre 2018 pour écrire une nouvelle page de son histoire, résolument tournée vers l’excellence, le goût de l’éthique et l’économie positive.","10 avenue des Champs Elysees, 75008 Paris France",€€€€,4.0,86,"{'1': '4', '2': '3', '3': '17', '4': '31', '5': '31'}","Française, Européenne"
11847106,Abri Soba,,"10 Rue Saulnier, 75009 Paris France",€€ - €€€,4.5,158,"{'1': '3', '2': '4', '3': '16', '4': '49', '5': '86'}","Japonaise, Asiatique"
12607694,Jardin d'Hiver,,"10 Place de la Concorde Hotel de Crillon, A Rosewood Hotel, 75008 Paris France",€€€€,4.5,91,"{'1': '1', '2': '8', '3': '10', '4': '15', '5': '57'}","Française, Européenne"
27251880,Joli Rose,,"26 Rue Cadet, 75009 Paris France",,,0,,
12185464,Etsi,,"23-25 rue Eugene Carriere, 75018 Paris France",€€ - €€€,4.5,195,"{'1': '6', '2': '5', '3': '14', '4': '54', '5': '116'}","Méditerranéenne, Grecque"
27865376,Billot Club,,"105 Avenue De Saint-ouen, 75017 Paris France",,,0,,
3385464,Le Terminus Nation,,"1 cours de Vincennes, 75020 Paris France",€€ - €€€,3.5,106,"{'1': '11', '2': '6', '3': '12', '4': '51', '5': '26'}","Française, Bar, Européenne"
18904564,Le Bistrot 7,,"7 Rue Clisson, 75013 Paris France",,,0,,
4098043,Saitama,,"6 rue la Boetie, 75008 Paris France",€€ - €€€,4.0,39,"{'1': '1', '2': '3', '3': '8', '4': '14', '5': '13'}","Japonaise, Sushi, Asiatique"
13168123,Espace Cyrnea,,"38 Allée Vivaldi, 75012 Paris France",,4.5,6,"{'1': '0', '2': '0', '3': '0', '4': '2', '5': '4'}",
23967544,Pâtisserie Ginko,"Ginko : Tradition et Modernité au cœur de Paris 19 Située près des Buttes-Chaumont, la Pâtisserie Ginko réinvente la pâtisserie française depuis 2022. Fondée par Sayo Yamagata et Othman El Ouraoui, elle mêle savoir-faire artisanal et influences multiculturelles. Leur atelier propose des créations uniques comme le ""Saveur d'Orient"" et l'""Amande Sésame Noir"", alliant élégance et gourmandise. Ginko s'engage dans une démarche écoresponsable, privilégiant des ingrédients locaux et des recettes inspirées par la saisonnalité.","33 rue des Alouettes, 75019 Paris France",,5.0,7,"{'1': '0', '2': '0', '3': '0', '4': '0', '5': '7'}","Française, Japonaise, Américaine, Marocaine, Méditerranéenne"
2338083,Café des Arts,,"2 rue de l Amiral Coligny, 75001 Paris France",€€ - €€€,2.0,555,"{'1': '312', '2': '60', '3': '76', '4': '69', '5': '38'}","Française, Café"
27221057,Street Bangkok,,"76 Avenue Du Général Leclerc, 75014 Paris France",,,0,,Thaï
3653471,Thai Yim 2,,"70,rue Château des Rentiers, 75013 Paris France",€,4.0,107,"{'1': '6', '2': '4', '3': '5', '4': '37', '5': '55'}","Asiatique, Thaï"
21399749,Domino's Pizza,,"204 rue de Charenton, 75012 Paris France",,,0,,
4567633,le regent,,"68 Rue La Fayette, 75009 Paris France",€€ - €€€,3.5,229,"{'1': '40', '2': '22', '3': '43', '4': '53', '5': '71'}","Italienne, Française, Méditerranéenne, Européenne"
5808724,Pizzeria del Gladiatore Subito,,"37 rue Dunois, 75013 Paris France",€,4.0,60,"{'1': '8', '2': '3', '3': '8', '4': '10', '5': '31'}","Italienne, Pizza"
27697274,Asian Panier,,"51 Rue De Paradis, 75010 Paris France",,,0,,"Japonaise, Asiatique, Coréenne"
27860719,Sap'heure,,"1 Place Jacques Froment, 75018 Paris France",,,0,,
17605411,Monoprix,,"19 rue Linois, 75015 Paris France",€€ - €€€,4.0,15,"{'1': '1', '2': '2', '3': '2', '4': '4', '5': '6'}","Café, Espagnole, Traiteur, Diner, Bar à vins"
23838505,Il Monello Caffè,,"3 avenue Theophile Gautier, 75016 Paris France",,4.0,1,"{'1': '0', '2': '0', '3': '0', '4': '1', '5': '0'}","Italienne, Pizza"
19383782,La Frontera - Créteil,,"7 Rue Du Général De Larminat, 94000 Paris France",,4.5,3,"{'1': '0', '2': '0', '3': '0', '4': '1', '5': '2'}",
4428519,Delitaly,,"13 rue Rambuteau, 75004 Paris France",€€ - €€€,3.5,76,"{'1': '7', '2': '6', '3': '14', '4': '25', '5': '24'}","Italienne, Méditerranéenne, Européenne"
10096477,Starbucks,,"108 boulevard Haussmann, 75008 Paris France",€,3.0,15,"{'1': '4', '2': '2', '3': '2', '4': '4', '5': '3'}",
27252110,Momen'tea Mogador,,"29 Rue De Mogador, 75009 Paris France",,3.5,2,"{'1': '0', '2': '1', '3': '0', '4': '0', '5': '1'}",
13125665,Api,"DES POKES BOWLS ULTRA FRAIS, DES PLATS CUISINEES FAIT MAISON, UN SALAD'BAR UNIQUE, DES JUS DE FRUITS ET DE LEGUMES PRESSES A LA MINUTE","21 Boulevard du Montparnasse, 75006 Paris France",€€ - €€€,5.0,17,"{'1': '0', '2': '0', '3': '0', '4': '0', '5': '17'}","Française, Saine, Soupes, Hawaïenne"
695078,Angelina Paris,"C'est en 1903 que le confiseur autrichien Antoine Rumpelmayer fonde Angelina, baptisé ainsi en l'honneur de sa belle-fille. Depuis plus d'un siècle, le salon de thé s'est imposé comme un lieu gourmand et raffiné. Dès son ouverture, Angelina devient l'incontournable rendez-vous de l'aristocratie parisienne. Dans ses salons se sont croisés Proust, Coco Chanel et les plus grands couturiers français…

Le décor, conçu par le célèbre architecte de la Belle Epoque Edouard-Jean Niermans, mêle élégance, charme et raffinement. Angelina, c'est une véritable poésie romantique, un espace de calme et de volupté, entre sérénité et gourmandise.","226 Rue De Rivoli, 75001 Paris France",€€ - €€€,4.0,11593,"{'1': '509', '2': '645', '3': '1566', '4': '3385', '5': '5488'}",Française
4451589,New Jawad Longchamp,"Restaurant de cuisine raffinée traditionnelle Indo-Pakistanaise situé à deux pas du Trocadero. Possibilité de réserver en ligne, de commander en click&Collect ou de se faire livrer directement à la maison ou au bureau.","30 Rue De Longchamp, 75116 Paris France",€€ - €€€,5.0,3854,"{'1': '51', '2': '47', '3': '95', '4': '221', '5': '3440'}","Indienne, Pakistanaise"
742400,La Jacobine,Nous serons fermés du 24 décembre 2019 u 2 janvier 2020 à 19h00. Merci et joyeux Noël,"59-61 Rue Saint-André des Arts, 75006 Paris France",€€ - €€€,4.5,2826,"{'1': '38', '2': '43', '3': '150', '4': '770', '5': '1825'}","Française, Européenne"
10305561,Paris Follie's,,"74 avenue Kleber, 75116 Paris France",€,4.5,477,"{'1': '19', '2': '10', '3': '26', '4': '120', '5': '302'}","Française, Bar, Européenne, Brasserie gastronomique"
13189828,Bus Toqué,"Bus toque est un restaurant mobile où vous pourrez profiter d'une balade gourmande et culturelle à travers les plus beaux quartiers de la ville lumière. une expérience inédite assis à la table la mieux située de paris ! bus toqué propose une carte parisienne avec des plats français créatifs et accessibles élaborés avec des produits de saison par notre chef. Pour les desserts, nous mettons en avant le savoir-faire de la pâtisserie française avec une sélection de pâtisseries fines.","107 Av. Des Champs Élysées, 75008 Paris France",€€€€,5.0,1265,"{'1': '9', '2': '8', '3': '32', '4': '114', '5': '1106'}","Française, Européenne, Saine, Moderne"
23595203,Le Tout-paris,"Brasserie parisienne contemporaine, où les parisiens se retrouvent de midi à minuit","8 Quai Du Louvre, 75001 Paris France",€€€€,4.0,158,"{'1': '11', '2': '11', '3': '18', '4': '25', '5': '93'}","Française, Brasserie gastronomique, Moderne"
6575305,Il Etait Un Square,Notre restaurant est spécialisé en burgers et tartares. La particularité de nos burgers : la crème de fromage. Nos burgers et tartares sont réalisés avec une viande bovine issue d'élevages traditionnels français. Nos buns boulangers sont bio. 21h30 (derniere reservation),"54 Rue Corvisart, 75013 Paris France",€€ - €€€,5.0,4412,"{'1': '17', '2': '24', '3': '83', '4': '453', '5': '3835'}","Française, Américaine, Steakhouse, Européenne"
1035619,Carette Trocadero,,"4 Place Trocadero et du 11 Novembre, 75016 Paris France",€€ - €€€,4.0,1545,"{'1': '132', '2': '89', '3': '188', '4': '498', '5': '638'}","Française, Café, Européenne"
19488076,Cédric Grolet Opéra,,"35 Avenue de l’Opera Hotel Edouard VII, 75002 Paris France",€€€€,2.5,606,"{'1': '214', '2': '143', '3': '58', '4': '67', '5': '125'}",Française
1390891,Au Vieux Paris,"Odette et Georges vous reçoivent dans leur restaurant aveyronnais sur l’Ile de la Cité. Odette, attachée aux vraies valeurs de l'Aveyron et de son terroir, vous fera découvrir les saveurs uniques d'un Coufidou d'Aubrac au vin de Marcillac, d'un foie gras poêlé aux griottes, ou d'une simple pièce de bœuf d'Aubrac avec son aligot.","24 Rue Chanoinesse, 75004 Paris France",€€ - €€€,4.0,898,"{'1': '136', '2': '67', '3': '83', '4': '196', '5': '416'}","Française, Européenne"
